-- MySQL dump 10.13  Distrib 8.0.26, for Win64 (x86_64)
--
-- Host: i8b105.p.ssafy.io    Database: ssafy_web_db
-- ------------------------------------------------------
-- Server version	5.7.41

/*!40101 SET @OLD_CHARACTER_SET_CLIENT=@@CHARACTER_SET_CLIENT */;
/*!40101 SET @OLD_CHARACTER_SET_RESULTS=@@CHARACTER_SET_RESULTS */;
/*!40101 SET @OLD_COLLATION_CONNECTION=@@COLLATION_CONNECTION */;
/*!50503 SET NAMES utf8 */;
/*!40103 SET @OLD_TIME_ZONE=@@TIME_ZONE */;
/*!40103 SET TIME_ZONE='+00:00' */;
/*!40014 SET @OLD_UNIQUE_CHECKS=@@UNIQUE_CHECKS, UNIQUE_CHECKS=0 */;
/*!40014 SET @OLD_FOREIGN_KEY_CHECKS=@@FOREIGN_KEY_CHECKS, FOREIGN_KEY_CHECKS=0 */;
/*!40101 SET @OLD_SQL_MODE=@@SQL_MODE, SQL_MODE='NO_AUTO_VALUE_ON_ZERO' */;
/*!40111 SET @OLD_SQL_NOTES=@@SQL_NOTES, SQL_NOTES=0 */;

--
-- Table structure for table `bundle`
--

DROP TABLE IF EXISTS `bundle`;
/*!40101 SET @saved_cs_client     = @@character_set_client */;
/*!50503 SET character_set_client = utf8mb4 */;
CREATE TABLE `bundle` (
  `id` bigint(20) NOT NULL AUTO_INCREMENT,
  `is_approval` bit(1) NOT NULL,
  `is_cancel` bit(1) NOT NULL,
  `is_paid` bit(1) NOT NULL,
  `is_refuse` bit(1) NOT NULL,
  `price` int(11) NOT NULL,
  `live_id` bigint(20) DEFAULT NULL,
  `user_id` bigint(20) DEFAULT NULL,
  PRIMARY KEY (`id`),
  KEY `FKtq8og15huiqfplpbxy222d1ui` (`live_id`),
  KEY `FKix2q83ap1m0q5x7cxtdvt1gmc` (`user_id`),
  CONSTRAINT `FKix2q83ap1m0q5x7cxtdvt1gmc` FOREIGN KEY (`user_id`) REFERENCES `user` (`id`),
  CONSTRAINT `FKtq8og15huiqfplpbxy222d1ui` FOREIGN KEY (`live_id`) REFERENCES `live` (`id`)
) ENGINE=InnoDB AUTO_INCREMENT=40 DEFAULT CHARSET=utf8mb4;
/*!40101 SET character_set_client = @saved_cs_client */;

--
-- Dumping data for table `bundle`
--

LOCK TABLES `bundle` WRITE;
/*!40000 ALTER TABLE `bundle` DISABLE KEYS */;
INSERT INTO `bundle` VALUES (1,_binary '\0',_binary '\0',_binary '\0',_binary '',3000,1,1),(2,_binary '',_binary '\0',_binary '',_binary '\0',4000,1,1),(3,_binary '',_binary '\0',_binary '',_binary '\0',1350,1,1),(4,_binary '',_binary '\0',_binary '',_binary '\0',4000,1,1),(5,_binary '',_binary '\0',_binary '',_binary '\0',0,1,3),(6,_binary '',_binary '\0',_binary '',_binary '\0',2500,1,4),(7,_binary '\0',_binary '',_binary '\0',_binary '\0',9500,2,2),(8,_binary '',_binary '\0',_binary '',_binary '\0',9000,2,2),(9,_binary '',_binary '\0',_binary '',_binary '\0',7000,2,3),(10,_binary '\0',_binary '\0',_binary '\0',_binary '',9500,2,4),(11,_binary '',_binary '\0',_binary '',_binary '\0',9900,2,4),(12,_binary '',_binary '\0',_binary '',_binary '\0',0,2,5),(13,_binary '',_binary '\0',_binary '',_binary '\0',0,2,6),(14,_binary '\0',_binary '',_binary '\0',_binary '\0',1200,3,2),(15,_binary '',_binary '\0',_binary '',_binary '\0',2300,3,2),(16,_binary '',_binary '\0',_binary '',_binary '\0',1000,3,3),(17,_binary '',_binary '\0',_binary '',_binary '\0',1200,3,7),(18,_binary '',_binary '\0',_binary '',_binary '\0',1200,3,8),(19,_binary '',_binary '\0',_binary '',_binary '\0',3000,3,9),(20,_binary '',_binary '\0',_binary '',_binary '\0',45000,4,10),(21,_binary '',_binary '\0',_binary '',_binary '\0',25000,4,2),(22,_binary '',_binary '\0',_binary '',_binary '\0',30000,4,11),(23,_binary '',_binary '\0',_binary '',_binary '\0',55000,4,12),(24,_binary '',_binary '\0',_binary '',_binary '\0',4500,4,13),(25,_binary '',_binary '\0',_binary '',_binary '\0',7500,4,14),(26,_binary '',_binary '\0',_binary '',_binary '\0',15000,5,2),(27,_binary '',_binary '\0',_binary '',_binary '\0',33000,7,2),(28,_binary '',_binary '\0',_binary '',_binary '\0',12000,7,3),(29,_binary '',_binary '\0',_binary '',_binary '\0',2500,8,2),(30,_binary '',_binary '\0',_binary '',_binary '\0',1000,8,3),(31,_binary '',_binary '\0',_binary '',_binary '\0',1000,9,2),(32,_binary '',_binary '\0',_binary '',_binary '\0',0,9,3),(33,_binary '',_binary '\0',_binary '',_binary '\0',2000,10,2),(34,_binary '',_binary '\0',_binary '',_binary '\0',1200,10,3),(35,_binary '',_binary '\0',_binary '',_binary '\0',12500,11,1),(36,_binary '',_binary '\0',_binary '',_binary '\0',1200,12,1),(37,_binary '',_binary '\0',_binary '',_binary '\0',3500,12,1),(38,_binary '',_binary '\0',_binary '',_binary '\0',140000,13,2),(39,_binary '',_binary '\0',_binary '',_binary '\0',9500,16,5);
/*!40000 ALTER TABLE `bundle` ENABLE KEYS */;
UNLOCK TABLES;

--
-- Table structure for table `bundled_items_relation`
--

DROP TABLE IF EXISTS `bundled_items_relation`;
/*!40101 SET @saved_cs_client     = @@character_set_client */;
/*!50503 SET character_set_client = utf8mb4 */;
CREATE TABLE `bundled_items_relation` (
  `id` bigint(20) NOT NULL AUTO_INCREMENT,
  `bundle_id` bigint(20) DEFAULT NULL,
  `product_id` bigint(20) DEFAULT NULL,
  PRIMARY KEY (`id`),
  KEY `FKq62l8ijyiek612hyfde54wsvw` (`bundle_id`),
  KEY `FK58x2l8un1et8vb7v4r41hbd4g` (`product_id`),
  CONSTRAINT `FK58x2l8un1et8vb7v4r41hbd4g` FOREIGN KEY (`product_id`) REFERENCES `product` (`id`),
  CONSTRAINT `FKq62l8ijyiek612hyfde54wsvw` FOREIGN KEY (`bundle_id`) REFERENCES `bundle` (`id`)
) ENGINE=InnoDB AUTO_INCREMENT=71 DEFAULT CHARSET=utf8mb4;
/*!40101 SET character_set_client = @saved_cs_client */;

--
-- Dumping data for table `bundled_items_relation`
--

LOCK TABLES `bundled_items_relation` WRITE;
/*!40000 ALTER TABLE `bundled_items_relation` DISABLE KEYS */;
INSERT INTO `bundled_items_relation` VALUES (1,1,1),(2,1,2),(3,2,1),(4,2,2),(5,3,3),(6,3,4),(7,3,5),(8,4,6),(9,4,12),(10,4,13),(11,4,14),(12,5,7),(13,5,9),(14,5,10),(15,6,8),(16,6,11),(17,7,15),(18,7,20),(19,8,15),(20,8,20),(21,9,16),(22,10,17),(23,11,17),(24,12,18),(25,13,19),(26,14,21),(27,14,24),(28,15,21),(29,15,26),(30,16,22),(31,17,23),(32,17,28),(33,18,24),(34,18,25),(35,19,27),(36,20,29),(37,21,32),(38,21,33),(39,22,35),(40,23,36),(41,24,31),(42,25,30),(43,25,34),(44,26,37),(45,26,38),(46,27,39),(47,27,40),(48,28,41),(49,29,43),(50,29,45),(51,30,42),(52,30,44),(53,31,46),(54,31,48),(55,32,47),(56,32,49),(57,33,50),(58,34,51),(59,34,52),(60,35,53),(61,35,54),(62,35,55),(63,35,56),(64,36,57),(65,36,60),(66,37,58),(67,37,59),(68,38,62),(69,39,68),(70,39,69);
/*!40000 ALTER TABLE `bundled_items_relation` ENABLE KEYS */;
UNLOCK TABLES;

--
-- Table structure for table `category`
--

DROP TABLE IF EXISTS `category`;
/*!40101 SET @saved_cs_client     = @@character_set_client */;
/*!50503 SET character_set_client = utf8mb4 */;
CREATE TABLE `category` (
  `id` bigint(20) NOT NULL AUTO_INCREMENT,
  `name` varchar(255) DEFAULT NULL,
  PRIMARY KEY (`id`)
) ENGINE=InnoDB AUTO_INCREMENT=21 DEFAULT CHARSET=utf8;
/*!40101 SET character_set_client = @saved_cs_client */;

--
-- Dumping data for table `category`
--

LOCK TABLES `category` WRITE;
/*!40000 ALTER TABLE `category` DISABLE KEYS */;
INSERT INTO `category` VALUES (1,'인기'),(2,'디지털기기'),(3,'생활가전'),(4,'가구'),(5,'생활/주방'),(6,'유아용품'),(7,'유아도서'),(8,'여성의류'),(9,'여성잡화'),(10,'남성의류'),(11,'남성잡화'),(12,'뷰티/미용'),(13,'스포츠'),(14,'취미/게임'),(15,'음반'),(16,'도서'),(17,'티켓'),(18,'반려동물'),(19,'식물'),(20,'기타');
/*!40000 ALTER TABLE `category` ENABLE KEYS */;
UNLOCK TABLES;

--
-- Table structure for table `chat_message`
--

DROP TABLE IF EXISTS `chat_message`;
/*!40101 SET @saved_cs_client     = @@character_set_client */;
/*!50503 SET character_set_client = utf8mb4 */;
CREATE TABLE `chat_message` (
  `id` bigint(20) NOT NULL AUTO_INCREMENT,
  `created_at` datetime(6) DEFAULT NULL,
  `content` varchar(255) DEFAULT NULL,
  `sender_id` bigint(20) NOT NULL,
  `chat_room_id` bigint(20) DEFAULT NULL,
  PRIMARY KEY (`id`),
  KEY `FKj52yap2xrm9u0721dct0tjor9` (`chat_room_id`),
  CONSTRAINT `FKj52yap2xrm9u0721dct0tjor9` FOREIGN KEY (`chat_room_id`) REFERENCES `chat_room` (`id`)
) ENGINE=InnoDB AUTO_INCREMENT=234 DEFAULT CHARSET=utf8mb4;
/*!40101 SET character_set_client = @saved_cs_client */;

--
-- Dumping data for table `chat_message`
--

LOCK TABLES `chat_message` WRITE;
/*!40000 ALTER TABLE `chat_message` DISABLE KEYS */;
INSERT INTO `chat_message` VALUES (1,'2023-02-15 23:09:26.766204','안녕하세요!',1,1),(2,'2023-02-15 23:09:43.833415','요즘 볼펜이 많이 필요해서',1,1),(3,'2023-02-15 23:09:51.241367','알아보고 있었는데',1,1),(4,'2023-02-15 23:10:02.755618','착한 가격에 구매할 수 있어서 좋았습니다!',1,1),(5,'2023-02-15 23:10:34.022818','앗 아닙니다~~',2,1),(6,'2023-02-15 23:10:41.277361','이쁘게 사용해주세요!!',2,1),(7,'2023-02-15 23:10:47.403755','네네 감사합니다~',1,1),(8,'2023-02-15 23:13:56.500028','안녕하세요',3,2),(9,'2023-02-15 23:14:02.980365','형광펜 잘 받았습니다!',3,2),(10,'2023-02-15 23:14:06.634413','색이 이쁘더라구요',3,2),(11,'2023-02-15 23:14:15.854532','아핫',2,2),(12,'2023-02-15 23:14:18.511809','다행이네요!',2,2),(13,'2023-02-15 23:14:55.406144','공부할 때 사용하면 보기 좋더라구여',2,2),(14,'2023-02-15 23:15:09.473308','네네 저도 교과서에',3,2),(15,'2023-02-15 23:15:12.616087','필기하려고 샀습니다!',3,2),(16,'2023-02-15 23:15:19.563779','넵 열공하세요~~',2,2),(17,'2023-02-15 23:15:25.432630','감사합니다><',3,2),(18,'2023-02-15 23:16:23.820913','안녕하세요~~',4,3),(19,'2023-02-15 23:16:34.414521','이번에 무민 볼펜이랑',4,3),(20,'2023-02-15 23:16:45.731347','몬스터 주식회사 샤프 구매했습니다!',4,3),(21,'2023-02-15 23:17:00.670980','오오 안녕하세요~~',2,3),(22,'2023-02-15 23:17:15.753776','상태는 괜찮으신가요',2,3),(23,'2023-02-15 23:18:37.735148','넵 훌륭합니다~',4,3),(24,'2023-02-15 23:18:54.085027','이런 샤프는 어디서 사는 건가요??',4,3),(25,'2023-02-15 23:18:59.741868','너무 귀엽더라구요ㅠㅠ',4,3),(26,'2023-02-15 23:22:27.246156','하하',2,3),(27,'2023-02-15 23:22:33.868256','인터넷에서 팔더라구여~~',2,3),(28,'2023-02-15 23:22:42.294156','검색하면 많이 나옵니당ㅎㅎ',2,3),(29,'2023-02-15 23:22:56.514938','오오',4,3),(30,'2023-02-15 23:22:59.677693','좋은 정보 감사합니다!',4,3),(31,'2023-02-15 23:23:08.055325','아닙니다~~',2,3),(32,'2023-02-15 23:23:16.151239','감사합니당~~!',4,3),(33,'2023-02-15 23:40:40.060631','안녕하세요~',6,4),(34,'2023-02-15 23:40:49.114235','책 잘 받았습니다.',6,4),(35,'2023-02-15 23:40:54.217589','정말로 새 책이군요',6,4),(36,'2023-02-15 23:41:00.059428','하하',1,4),(37,'2023-02-15 23:41:24.630682','네 막상 책을 사면',1,4),(38,'2023-02-15 23:41:30.379628','공부하기 싫어지더라구요ㅎㅎ',1,4),(39,'2023-02-15 23:41:40.441569','ㅎㅎㅎㅎ',6,4),(40,'2023-02-15 23:41:41.878255','맞아요',6,4),(41,'2023-02-15 23:41:46.473023','제가 대신 열심히',6,4),(42,'2023-02-15 23:41:50.819184','한번 해보겠습니다!!',6,4),(43,'2023-02-15 23:41:53.387588','오오',1,4),(44,'2023-02-15 23:41:55.127121','좋습니다',1,4),(45,'2023-02-15 23:41:59.228888','열공해주세요!!',1,4),(46,'2023-02-15 23:42:05.143114','넵 감사합니다',6,4),(47,'2023-02-15 23:42:09.241448','책 잘 쓸게요~~!',6,4),(48,'2023-02-15 23:42:54.899140','안녕하세요ㅎㅎ',2,1),(49,'2023-02-15 23:43:00.506638','이번에는 제가 구매를 하게 되었군요',2,1),(50,'2023-02-15 23:43:16.147084','앗 반가워요ㅎㅎ',1,1),(51,'2023-02-15 23:43:28.876197','책 상태가 너무 좋은데요??',2,1),(52,'2023-02-15 23:43:34.246865','정말 새 책 같아요ㅎㅎ',2,1),(53,'2023-02-15 23:43:40.236691','제가 사기만 하고 공부를 안해서..',1,1),(54,'2023-02-15 23:43:45.121566','정말 새 책 입니다!!',1,1),(55,'2023-02-15 23:43:45.590012','ㅎㅎ',1,1),(56,'2023-02-15 23:43:52.463568','오호',2,1),(57,'2023-02-15 23:43:55.123340','잘 쓰겠습니다',2,1),(58,'2023-02-15 23:43:58.861888','감사해요~',2,1),(59,'2023-02-15 23:44:07.678044','네넵 :)',1,1),(60,'2023-02-15 23:45:17.393226','안녕하십니까',3,6),(61,'2023-02-15 23:45:26.681407','책 잘 받았습니다.',3,6),(62,'2023-02-15 23:45:43.722467','좋은 기운 받고 공부하겠습니다.',3,6),(63,'2023-02-15 23:46:01.387916','네네 구매해주셔서',1,6),(64,'2023-02-15 23:46:03.656041','감사합니다!',1,6),(65,'2023-02-15 23:46:37.141749','좋은 결과 있기를 바랍니다~',1,6),(66,'2023-02-15 23:46:42.730725','네 감사합니다~',3,6),(67,'2023-02-15 23:46:58.096179','화이팅!!!',3,6),(68,'2023-02-15 23:47:18.622499','안녕하세용',5,5),(69,'2023-02-15 23:47:27.361766','제가 이번에',5,5),(70,'2023-02-15 23:47:33.041596','프론트 개발자가 되고싶어서',5,5),(71,'2023-02-15 23:47:36.148393','책을 사게 되었습니다!',5,5),(72,'2023-02-15 23:47:40.999285','오호 그렇군요',1,5),(73,'2023-02-15 23:47:46.854158','멋있네요',1,5),(74,'2023-02-15 23:47:53.213010','하하',5,5),(75,'2023-02-15 23:47:57.231354','이제 시작이죠 뭐ㅎㅎ',5,5),(76,'2023-02-15 23:48:31.611280','꼭 꿈이 이루어졌으면 좋겠네요',1,5),(77,'2023-02-15 23:48:33.736360',':)',1,5),(78,'2023-02-15 23:48:40.171233','감사합니다><',5,5),(79,'2023-02-15 23:48:43.849366','열심히 해볼게요ㅎㅎ',5,5),(80,'2023-02-15 23:48:51.859303','화이팅입니다!!!!',1,5),(81,'2023-02-15 23:53:14.263949','안녕하세용',4,7),(82,'2023-02-15 23:53:22.107832','이번에 자바의 정석 책 사게 되었습니다!',4,7),(83,'2023-02-15 23:53:32.837980','인터넷에 찾아보니까',4,7),(84,'2023-02-15 23:53:40.002764','꽤 유명한 책이더라구요!!',4,7),(85,'2023-02-15 23:53:48.880985','아하 안녕하세요~',1,7),(86,'2023-02-15 23:54:00.692901','맞아요',1,7),(87,'2023-02-15 23:54:03.086916','자바의 정석 유명하죠ㅎㅎ',1,7),(88,'2023-02-15 23:54:12.694211','어렵겠지만 열심히 해볼게요',4,7),(89,'2023-02-15 23:54:17.112499','좋은 책 감사합니다!!!',4,7),(90,'2023-02-15 23:54:40.308714','네 화아팅입니다!',1,7),(91,'2023-02-16 00:12:18.159111','안녕하세용',7,8),(92,'2023-02-16 00:12:31.875420','이번에 처음 구매하게 되었습니다',7,8),(93,'2023-02-16 00:12:48.749064','이런 물건을 정말 착한 가격에 받을 수 있다는 점이',7,8),(94,'2023-02-16 00:12:50.473984','신기하군요',7,8),(95,'2023-02-16 00:12:55.801379','하하',1,8),(96,'2023-02-16 00:12:57.437033','맞아요!!',1,8),(97,'2023-02-16 00:13:03.483430','묶음으로 구매할 수 있어서',1,8),(98,'2023-02-16 00:13:06.391520','편리한 것 같아요',1,8),(99,'2023-02-16 00:13:11.630473','넵',7,8),(100,'2023-02-16 00:13:16.579610','다른 곳에서는 하나씩 사야해서',7,8),(101,'2023-02-16 00:13:22.673627','쪼금 귀찮았거든요ㅎㅎ',7,8),(102,'2023-02-16 00:13:37.594977','그쵸ㅎㅎ',1,8),(103,'2023-02-16 00:13:56.047700','앞으로 자주 사용하게 될 것 같아요!',1,8),(104,'2023-02-16 00:13:59.998978','오오',7,8),(105,'2023-02-16 00:14:05.349014','믿고 구매하겠습니다!!',7,8),(106,'2023-02-16 00:14:10.035222','핳핳',1,8),(107,'2023-02-16 00:14:12.930332','감사합니다~~',1,8),(108,'2023-02-16 00:14:26.481754','기대할게요ㅎㅎ',7,8),(109,'2023-02-16 00:16:13.743093','꺅!!',8,9),(110,'2023-02-16 00:16:16.817460','병아리 거울',8,9),(111,'2023-02-16 00:16:21.401385','정말 너무 사랑스러워요ㅠㅠㅠ',8,9),(112,'2023-02-16 00:16:39.042966','앞으로 매일 들고 다니려구요!',8,9),(113,'2023-02-16 00:16:42.961079','앜ㅋㅋㅋㅋㅋㅋㅋㅋㅋㅋ',1,9),(114,'2023-02-16 00:16:46.903344','너무 귀엽죠ㅠㅠ',1,9),(115,'2023-02-16 00:16:54.201665','저도 하나 더 있는데',1,9),(116,'2023-02-16 00:17:00.749878','매일 들고 다닙니당ㅎㅎ',1,9),(117,'2023-02-16 00:17:04.545397','오오',8,9),(118,'2023-02-16 00:17:24.011353','앞으로 한 몸이 되어서 다니겠습니다',8,9),(119,'2023-02-16 00:17:30.121195','ㅎㅎㅎㅎ',1,9),(120,'2023-02-16 00:17:36.680858','네 잘 부탁드려요~~',1,9),(121,'2023-02-16 00:17:39.628189','네넹',8,9),(122,'2023-02-16 00:17:46.832218','아 글고 헤어롤도',8,9),(123,'2023-02-16 00:17:51.905880','굉장히 맘에 들어요!!!',8,9),(124,'2023-02-16 00:18:03.379870','이렇게 큰 건 처음 보는 것 같아요ㅎㅎㅎ',8,9),(125,'2023-02-16 00:18:17.720413','아ㅎㅎ',1,9),(126,'2023-02-16 00:18:25.151519','저는 클수록 편하더라구요!',1,9),(127,'2023-02-16 00:18:37.555736','넵 저도 옆머리까지 말고 싶은데',8,9),(128,'2023-02-16 00:18:54.455284','작은 애들은 잘 안되더라구여',8,9),(129,'2023-02-16 00:19:02.098346','이 아이로 잘 해보겠습니당ㅎㅎ',8,9),(130,'2023-02-16 00:19:09.553831','네네',1,9),(131,'2023-02-16 00:19:16.680273','정말 강추입니다!!!!',1,9),(132,'2023-02-16 00:21:26.374169','안녕하세요',9,10),(133,'2023-02-16 00:21:57.941288','처음으로 집게핀 구매했습니다!',9,10),(134,'2023-02-16 00:22:07.360832','좋은 물건 주셔서 감사합니당ㅎㅎ',9,10),(135,'2023-02-16 00:22:13.559002','아닙니다~ㅎㅎ',1,10),(136,'2023-02-16 00:22:26.692579','마음에 드셨다니 다행이네용',1,10),(137,'2023-02-16 00:22:30.658371','이쁘게 사용해주세요!!',1,10),(138,'2023-02-16 00:22:42.457585','네네 감사합니당~!~!',9,10),(139,'2023-02-16 00:52:56.413620','안녕하세요~',1,11),(140,'2023-02-16 00:53:01.590141','물건은 잘 받으셨나요??',1,11),(141,'2023-02-16 00:53:12.969199','앗 네!!!',10,11),(142,'2023-02-16 00:53:45.133368','상태가 너무 좋더라구요',10,11),(143,'2023-02-16 00:54:08.024934','완전 새로 산 것 같아요~',10,11),(144,'2023-02-16 00:54:11.980617','오호',1,11),(145,'2023-02-16 00:54:46.483009','사실 한 번도 사용한 적 없거든요ㅎㅎ',1,11),(146,'2023-02-16 00:54:50.438101','저랑 색이 안맞아서ㅠㅠ',1,11),(147,'2023-02-16 00:54:59.551897','앗 아쉽네요ㅠㅠ',10,11),(148,'2023-02-16 00:55:06.191006','이렇게 좋은 물건을 이 가격에 받을 수 있다니',10,11),(149,'2023-02-16 00:55:12.271182','정말 감사합니다!!!',10,11),(150,'2023-02-16 00:55:16.111051','아닙니다ㅎㅎ',1,11),(151,'2023-02-16 00:55:28.693801','진정한 주인을 찾아서 가는거죠~~',1,11),(152,'2023-02-16 00:55:49.709496','잘 어울렸으면 좋겠네용',1,11),(153,'2023-02-16 00:55:56.018446','네네 감사합니다!!!',10,11),(154,'2023-02-16 00:57:04.072470','우오와아아ㅏㅏ아ㅏ',11,12),(155,'2023-02-16 00:57:07.368793','향수 정말',11,12),(156,'2023-02-16 00:57:14.685035','향 최고입니다!!!!!',11,12),(157,'2023-02-16 00:57:30.137535','앜ㅋㅋㅋㅋㅋㅋㅋㅋㅋㅋ',1,12),(158,'2023-02-16 00:57:37.161873','다행이네요!!!',1,12),(159,'2023-02-16 00:57:51.843785','매일 좋은 향기 유지하셨으면 좋겠어용><',1,12),(160,'2023-02-16 00:58:10.181501','저 정말 매일 뿌릴 겁니당ㅎㅎ',11,12),(161,'2023-02-16 00:58:13.794159','감사해요ㅠㅠ',11,12),(162,'2023-02-16 00:58:25.264499','ㅎㅎㅎㅎㅎㅎ',1,12),(163,'2023-02-16 00:58:40.553229','맘에 드셔서 뿌듯합니다ㅎㅎ',1,12),(164,'2023-02-16 00:58:45.339602','이쁘게 사용해주세요~~',1,12),(165,'2023-02-16 00:58:48.436396','넵!!!',11,12),(166,'2023-02-16 01:00:01.597707','안녕하세요!!!',12,13),(167,'2023-02-16 01:00:16.105305','제가 입생 향수를 구매했는데',12,13),(168,'2023-02-16 01:00:21.468625','이런 향 처음 맡아봐요!!',12,13),(169,'2023-02-16 01:00:24.264663','너무 좋더라구요~~',12,13),(170,'2023-02-16 01:00:33.646175','오 그런가요???',1,13),(171,'2023-02-16 01:00:36.301288','다행입니다!!!',1,13),(172,'2023-02-16 01:01:04.116560','이 가격에 팔기 쉽지 않으셨을 텐데',12,13),(173,'2023-02-16 01:01:07.685459','정말 감사합니다ㅠㅠ',12,13),(174,'2023-02-16 01:01:11.624720','아닙니다~~',1,13),(175,'2023-02-16 01:01:34.292405','제가 향수를 별로 뿌리지를 않아서..',1,13),(176,'2023-02-16 01:01:41.156556','새로운 주인을 찾아가서',1,13),(177,'2023-02-16 01:02:09.740545','향수도 기뻐할 겁니다!',1,13),(178,'2023-02-16 01:02:19.122253','앜ㅋㅋㅋㅋㅋㅋㅋ',12,13),(179,'2023-02-16 01:02:29.131103','말도 정말 예쁘게 하시는군요!!!',12,13),(180,'2023-02-16 01:02:31.486556','감사합니다ㅠㅠ',12,13),(181,'2023-02-16 01:02:33.852883','잘 쓸게요!!',12,13),(182,'2023-02-16 01:02:43.135142','0:)',1,13),(183,'2023-02-16 01:04:08.575059','안녕하세요ㅎㅎ',13,14),(184,'2023-02-16 01:04:28.177733','처음으로 가지가라지 라는 사이트를 이용해봤는데',13,14),(185,'2023-02-16 01:04:38.569230','정말 친절하게 판매해주셔서 ',13,14),(186,'2023-02-16 01:04:40.470798','감사합니당',13,14),(187,'2023-02-16 01:04:51.314545','에이 아닙니다!!!!!',1,14),(188,'2023-02-16 01:05:00.454704','저도 아직 초보라 잘 몰라요ㅎㅎ',1,14),(189,'2023-02-16 01:05:05.355631','서로 도우면서 하는거죠~~',1,14),(190,'2023-02-16 01:05:22.126717','감사합니다!',13,14),(191,'2023-02-16 01:05:25.527526','다음에 또 판매하시면',13,14),(192,'2023-02-16 01:05:28.560099','바로 달려가겠습니당',13,14),(193,'2023-02-16 01:05:34.003516','ㅋㅋㅋㅋㅋㅋㅋㅋ',1,14),(194,'2023-02-16 01:05:50.120426','그렇다면 기대해주세요ㅎㅎ',1,14),(195,'2023-02-16 01:07:31.137027','안녕하세요~',14,15),(196,'2023-02-16 01:07:42.469926','립밤이랑 팔레트 잘 받았습니다!',14,15),(197,'2023-02-16 01:07:51.348366','오호 ',1,15),(198,'2023-02-16 01:07:57.794002','물건 어떠신가요!!',1,15),(199,'2023-02-16 01:08:02.957585','너무 좋던데요???',14,15),(200,'2023-02-16 01:08:10.907195','팔레트 색도 딱 제 취향이구',14,15),(201,'2023-02-16 01:08:18.913585','립밤도 완전 촉촉해요!!',14,15),(202,'2023-02-16 01:08:26.909585','오오오오',1,15),(203,'2023-02-16 01:08:30.032862','휴',1,15),(204,'2023-02-16 01:08:32.300184','다행이군요ㅎㅎ',1,15),(205,'2023-02-16 01:09:07.959536','ㅎㅎㅎㅎㅎ',14,15),(206,'2023-02-16 01:09:11.788039','잘 쓰겠습니다!!',14,15),(207,'2023-02-16 02:18:22.314841','안녕하세요~~',3,6),(208,'2023-02-16 02:18:26.137253','또 뵙네요ㅎㅎ',3,6),(209,'2023-02-16 02:18:37.481194','덕분에 타이레놀 먹고',3,6),(210,'2023-02-16 02:18:39.886059','회복했습니다',3,6),(211,'2023-02-16 02:18:42.681345','감사합니다~~',3,6),(212,'2023-02-16 02:19:08.458994','오 다행이네요',1,6),(213,'2023-02-16 02:19:14.654602','요즘 날이 또 추워져서',1,6),(214,'2023-02-16 02:19:18.419198','감기 조심해야합니다ㅠㅠ',1,6),(215,'2023-02-16 02:19:33.139248','맞아요...!',3,6),(216,'2023-02-16 02:19:36.880088','항상 따뜻하게 입으시구',3,6),(217,'2023-02-16 02:19:42.971944','건강 챙기세요!!!',3,6),(218,'2023-02-16 02:58:03.259041','이번에는 뚱이와 스펀지밥을 구매했습니다ㅎㅎ',1,1),(219,'2023-02-16 02:58:27.913109','너무 귀여워요!!',1,1),(220,'2023-02-16 02:58:31.678130','앜ㅋㅋㅋㅋㅋㅋ',2,1),(221,'2023-02-16 02:59:02.679839','그쵸 완전 귀요미들 입니당ㅎㅎ',2,1),(222,'2023-02-16 02:59:13.484681','점점 더 욕심나더라구여ㅎㅎ',1,1),(223,'2023-02-16 02:59:19.287828','혹시 징징이나 핑핑이는 없나요??',1,1),(224,'2023-02-16 02:59:36.175684','앗 그아이들은',2,1),(225,'2023-02-16 02:59:39.790477','아쉽게도 없습니다ㅠㅠ',2,1),(226,'2023-02-16 02:59:44.384692','아 그렇군요...',1,1),(227,'2023-02-16 02:59:47.684878','아쉽네요ㅠㅠ',1,1),(228,'2023-02-16 03:00:27.573687','스펀지밥 나라를 만들어보려고 했는데ㅎㅎ',1,1),(229,'2023-02-16 03:00:38.239805','ㅋㅋㅋㅋㅋㅋㅋㅋㅋㅋㅋㅋ',2,1),(230,'2023-02-16 03:00:44.886296','인터넷에 찾아보시면 있을 수도 있어요~~',2,1),(231,'2023-02-16 03:00:48.741913','아하 그렇군요',1,1),(232,'2023-02-16 03:00:53.059224','암튼 감사합니당',1,1),(233,'2023-02-16 03:01:08.426068','인형 정말 소중하게 간직할게요!!',1,1);
/*!40000 ALTER TABLE `chat_message` ENABLE KEYS */;
UNLOCK TABLES;

--
-- Table structure for table `chat_room`
--

DROP TABLE IF EXISTS `chat_room`;
/*!40101 SET @saved_cs_client     = @@character_set_client */;
/*!50503 SET character_set_client = utf8mb4 */;
CREATE TABLE `chat_room` (
  `id` bigint(20) NOT NULL AUTO_INCREMENT,
  `created_at` datetime(6) DEFAULT NULL,
  `last_send_message` varchar(255) DEFAULT NULL,
  `last_send_time` datetime(6) DEFAULT NULL,
  `first_user_id` bigint(20) DEFAULT NULL,
  `second_user_id` bigint(20) DEFAULT NULL,
  PRIMARY KEY (`id`),
  KEY `FK25juxp8enpp7unn3bwjs4qw24` (`first_user_id`),
  KEY `FK3flfuyuph3s4vp7r9hws5jdv8` (`second_user_id`),
  CONSTRAINT `FK25juxp8enpp7unn3bwjs4qw24` FOREIGN KEY (`first_user_id`) REFERENCES `user` (`id`),
  CONSTRAINT `FK3flfuyuph3s4vp7r9hws5jdv8` FOREIGN KEY (`second_user_id`) REFERENCES `user` (`id`)
) ENGINE=InnoDB AUTO_INCREMENT=16 DEFAULT CHARSET=utf8mb4;
/*!40101 SET character_set_client = @saved_cs_client */;

--
-- Dumping data for table `chat_room`
--

LOCK TABLES `chat_room` WRITE;
/*!40000 ALTER TABLE `chat_room` DISABLE KEYS */;
INSERT INTO `chat_room` VALUES (1,'2023-02-15 23:09:22.499070','인형 정말 소중하게 간직할게요!!','2023-02-16 03:01:08.426068',1,2),(2,'2023-02-15 23:11:06.609572','감사합니다><','2023-02-15 23:15:25.432630',3,2),(3,'2023-02-15 23:16:03.683793','감사합니당~~!','2023-02-15 23:23:16.151239',2,4),(4,'2023-02-15 23:40:24.077022','책 잘 쓸게요~~!','2023-02-15 23:42:09.241448',1,6),(5,'2023-02-15 23:44:47.809382','화이팅입니다!!!!','2023-02-15 23:48:51.859303',1,5),(6,'2023-02-15 23:44:56.191616','건강 챙기세요!!!','2023-02-16 02:19:42.971944',3,1),(7,'2023-02-15 23:52:40.302359','네 화아팅입니다!','2023-02-15 23:54:40.308714',4,1),(8,'2023-02-16 00:12:14.038693','기대할게요ㅎㅎ','2023-02-16 00:14:26.481754',7,1),(9,'2023-02-16 00:15:52.168218','정말 강추입니다!!!!','2023-02-16 00:19:16.680273',8,1),(10,'2023-02-16 00:19:49.302515','네네 감사합니당~!~!','2023-02-16 00:22:42.457585',9,1),(11,'2023-02-16 00:51:15.462892','네네 감사합니다!!!','2023-02-16 00:55:56.018446',10,1),(12,'2023-02-16 00:56:10.592756','넵!!!','2023-02-16 00:58:48.436396',11,1),(13,'2023-02-16 00:59:13.077622','0:)','2023-02-16 01:02:43.135142',12,1),(14,'2023-02-16 01:03:47.515819','그렇다면 기대해주세요ㅎㅎ','2023-02-16 01:05:50.120426',13,1),(15,'2023-02-16 01:06:41.651368','잘 쓰겠습니다!!','2023-02-16 01:09:11.788039',14,1);
/*!40000 ALTER TABLE `chat_room` ENABLE KEYS */;
UNLOCK TABLES;

--
-- Table structure for table `favorite`
--

DROP TABLE IF EXISTS `favorite`;
/*!40101 SET @saved_cs_client     = @@character_set_client */;
/*!50503 SET character_set_client = utf8mb4 */;
CREATE TABLE `favorite` (
  `id` bigint(20) NOT NULL AUTO_INCREMENT,
  `live_id` bigint(20) DEFAULT NULL,
  `user_id` bigint(20) DEFAULT NULL,
  PRIMARY KEY (`id`),
  KEY `FKice9lx4keequ4ujl7vog85h7n` (`live_id`),
  KEY `FKh3f2dg11ibnht4fvnmx60jcif` (`user_id`),
  CONSTRAINT `FKh3f2dg11ibnht4fvnmx60jcif` FOREIGN KEY (`user_id`) REFERENCES `user` (`id`),
  CONSTRAINT `FKice9lx4keequ4ujl7vog85h7n` FOREIGN KEY (`live_id`) REFERENCES `live` (`id`)
) ENGINE=InnoDB AUTO_INCREMENT=42 DEFAULT CHARSET=utf8mb4;
/*!40101 SET character_set_client = @saved_cs_client */;

--
-- Dumping data for table `favorite`
--

LOCK TABLES `favorite` WRITE;
/*!40000 ALTER TABLE `favorite` DISABLE KEYS */;
INSERT INTO `favorite` VALUES (2,13,7),(3,13,2),(4,13,1),(5,13,4),(6,13,5),(7,13,6),(8,13,8),(9,13,9),(10,13,10),(11,13,11),(12,13,12),(13,13,13),(14,13,14),(15,16,5),(16,16,6),(17,16,7),(18,16,8),(19,16,9),(20,16,10),(21,18,10),(22,18,6),(23,18,7),(24,18,8),(25,18,9),(26,19,10),(27,19,5),(28,19,7),(29,19,8),(30,19,9),(32,21,1),(33,20,1),(34,23,1),(35,26,3),(36,26,5),(37,34,3),(38,34,4),(39,34,7),(40,34,10),(41,34,11);
/*!40000 ALTER TABLE `favorite` ENABLE KEYS */;
UNLOCK TABLES;

--
-- Table structure for table `live`
--

DROP TABLE IF EXISTS `live`;
/*!40101 SET @saved_cs_client     = @@character_set_client */;
/*!50503 SET character_set_client = utf8mb4 */;
CREATE TABLE `live` (
  `id` bigint(20) NOT NULL AUTO_INCREMENT,
  `created_at` datetime(6) DEFAULT NULL,
  `description` varchar(255) DEFAULT NULL,
  `is_live` bit(1) NOT NULL,
  `latitude` double DEFAULT NULL,
  `longitude` double DEFAULT NULL,
  `session_id` varchar(255) DEFAULT NULL,
  `thumbnail_url` varchar(255) DEFAULT NULL,
  `title` varchar(255) DEFAULT NULL,
  `url` varchar(255) DEFAULT NULL,
  `seller_id` bigint(20) DEFAULT NULL,
  PRIMARY KEY (`id`),
  UNIQUE KEY `UK_12u2y7974y0cyrouqhqgu8kci` (`id`,`seller_id`),
  KEY `FKt83volnphajotk5r3qeuabnd7` (`seller_id`),
  CONSTRAINT `FKt83volnphajotk5r3qeuabnd7` FOREIGN KEY (`seller_id`) REFERENCES `user` (`id`)
) ENGINE=InnoDB AUTO_INCREMENT=37 DEFAULT CHARSET=utf8mb4;
/*!40101 SET character_set_client = @saved_cs_client */;

--
-- Dumping data for table `live`
--

LOCK TABLES `live` WRITE;
/*!40000 ALTER TABLE `live` DISABLE KEYS */;
INSERT INTO `live` VALUES (1,'2023-02-15 23:02:32.504979','',_binary '\0',36.3535765,127.3399845,'2','20230215341823779575300.png','필기도구 필요하신 분!','https://i8b105.p.ssafy.io/test/2',2),(2,'2023-02-15 23:35:03.661859','',_binary '\0',36.353582,127.3400301,'1','20230215343774620306700.png','거의 새 책 팝니다!','https://i8b105.p.ssafy.io/test/1',1),(3,'2023-02-16 00:04:13.054188','',_binary '\0',36.3535754,127.340006,'1','20230216345524087714000.png','소소한 물건 팝니다~','https://i8b105.p.ssafy.io/test/1',1),(4,'2023-02-16 00:37:26.741033','',_binary '\0',36.3535883,127.3400184,'1','20230216347517784515600.png','화장품 사러 오세용','https://i8b105.p.ssafy.io/test/1',1),(5,'2023-02-16 01:29:41.538186','',_binary '\0',36.3535781,127.3400126,'1','20230216350652343993300.png','귀여운 선풍기 가져가실 분!!','https://i8b105.p.ssafy.io/test/1',1),(7,'2023-02-16 01:54:40.508172','',_binary '\0',36.3535655,127.3400468,'1','20230216352151348737700.png','머리 스타일링을 원한다면??','https://i8b105.p.ssafy.io/test/1',1),(8,'2023-02-16 02:14:13.920570','',_binary '\0',36.3535672,127.3400048,'1','20230216353324808686600.png','물건 보러 오세요~~','https://i8b105.p.ssafy.io/test/1',1),(9,'2023-02-16 02:31:36.587130','',_binary '\0',36.3535714,127.3400186,'1','20230216354367405519900.png','크리스마스 미리 준비 고고','https://i8b105.p.ssafy.io/test/1',1),(10,'2023-02-16 02:40:56.572572','',_binary '\0',36.3535695,127.3400229,'1','20230216354927421719700.png','출출하신 분..?','https://i8b105.p.ssafy.io/test/1',1),(11,'2023-02-16 02:52:44.712008','',_binary '\0',36.3535683,127.3400177,'2','20230216355635620845000.png','귀여운 인형들이 기다려요','https://i8b105.p.ssafy.io/test/2',2),(12,'2023-02-16 03:06:09.245066','',_binary '\0',36.3535736,127.3400173,'2','20230216356440158418300.png','주방용품 오픈!','https://i8b105.p.ssafy.io/test/2',2),(13,'2023-02-16 03:27:42.832035','',_binary '',36.3535648,127.3400474,'3','20230216357733654936400.png','전자기기 필요하신 분??','https://i8b105.p.ssafy.io/test/3',3),(16,'2023-02-16 03:57:21.829027','',_binary '',36.3535704,127.3400082,'4','20230216359512693709800.png','옷 가게 오픈!!!','https://i8b105.p.ssafy.io/test/4',4),(18,'2023-02-16 04:17:20.125989','',_binary '',36.3535569,127.3400183,'5','20230216360710794963900.png','의자 선착순 한명!','https://i8b105.p.ssafy.io/test/5',5),(19,'2023-02-16 04:23:56.273302','',_binary '',36.3535768,127.3399961,'6','20230216361107099044700.png','따뜻한 겨울을 보내기 위한 양말 :)','https://i8b105.p.ssafy.io/test/6',6),(20,'2023-02-16 11:11:51.125000','',_binary '',36.3528192,127.30368,'19','202302161901467152263718.png','?뉴진스 백 팔아요~~','https://i8b105.p.ssafy.io/test/19',19),(21,'2023-02-16 11:16:35.220000','',_binary '',36.3555172,127.2986619,'20','202302161901751180040142.png','[흥정가능!!] 토끼?모자 팔아용','https://i8b105.p.ssafy.io/test/20',20),(22,'2023-02-16 11:45:49.788000','',_binary '\0',36.3528192,127.30368,'17','202302161903505738024074.png','유아용품?? 나눔해요~','https://i8b105.p.ssafy.io/test/17',17),(23,'2023-02-16 11:49:22.271000','',_binary '',36.3528192,127.30368,'18','202302161903718267940325.png','유아용품?? 나눔!!','https://i8b105.p.ssafy.io/test/18',18),(24,'2023-02-16 11:55:27.508000','',_binary '',36.3528192,127.30368,'17','202302161904083480299776.png','아끼는 피규어?들 정리해요','https://i8b105.p.ssafy.io/test/17',17),(25,'2023-02-16 12:38:53.747000','',_binary '',36.3528192,127.30368,'7','202302161906689746953707.png','아가들 책 사세요~~!','https://i8b105.p.ssafy.io/test/7',7),(26,'2023-02-16 12:44:06.446000','',_binary '',36.3555201,127.2986583,'8','202302161907002463498487.png','?‍?어린이 고전문학 만화책?‍?','https://i8b105.p.ssafy.io/test/8',8),(27,'2023-02-16 12:56:23.422000','',_binary '',36.3528192,127.30368,'9','202302161907739404564533.png','?5가지 국자/포크?','https://i8b105.p.ssafy.io/test/9',9),(28,'2023-02-16 13:49:02.029000','',_binary '',36.3528192,127.30368,'10','202302161910897964280102.png','공기 청정기 선착순!!','https://i8b105.p.ssafy.io/test/10',10),(29,'2023-02-16 14:00:58.583000','',_binary '',36.3528192,127.30368,'11','202302161911614515596370.png','라디오의 세계로 떠나요?','https://i8b105.p.ssafy.io/test/11',11),(30,'2023-02-16 14:08:42.818000','',_binary '',36.3528192,127.30368,'12','202302161912078742182152.png','8mm 통유리?원목 테이블','https://i8b105.p.ssafy.io/test/12',12),(31,'2023-02-16 14:17:27.642000','',_binary '',36.3555216,127.2986601,'13','202302161912603594242832.png','?pc방 의자/컴퓨터?','https://i8b105.p.ssafy.io/test/13',13),(33,'2023-02-16 14:37:45.199000','',_binary '',36.3528192,127.30368,'14','202302161913821161410113.png','유아?용품','https://i8b105.p.ssafy.io/test/14',14),(34,'2023-02-16 14:47:24.293000','',_binary '',36.3528192,127.30368,'21','202302161914400212639124.png','?남성 빅사이즈 옷?','https://i8b105.p.ssafy.io/test/21',21),(35,'2023-02-16 14:54:16.398000','',_binary '',36.3555216,127.2986601,'22','202302161914812348739184.png','?반려동물을 위한 계단!!?','https://i8b105.p.ssafy.io/test/22',22),(36,'2023-02-16 14:57:20.372000','',_binary '',36.3528192,127.30368,'23','202302161914996353602264.png','?‍♂️자전거 슝슝?‍♂️','https://i8b105.p.ssafy.io/test/23',23);
/*!40000 ALTER TABLE `live` ENABLE KEYS */;
UNLOCK TABLES;

--
-- Table structure for table `live_category`
--

DROP TABLE IF EXISTS `live_category`;
/*!40101 SET @saved_cs_client     = @@character_set_client */;
/*!50503 SET character_set_client = utf8mb4 */;
CREATE TABLE `live_category` (
  `id` bigint(20) NOT NULL AUTO_INCREMENT,
  `category_id` bigint(20) DEFAULT NULL,
  `live_id` bigint(20) DEFAULT NULL,
  PRIMARY KEY (`id`),
  KEY `FKlwi8jh7xasagvv5iqkowag2i9` (`category_id`),
  KEY `FK2d0t24xutqtfgljbhoflhqje9` (`live_id`),
  CONSTRAINT `FK2d0t24xutqtfgljbhoflhqje9` FOREIGN KEY (`live_id`) REFERENCES `live` (`id`),
  CONSTRAINT `FKlwi8jh7xasagvv5iqkowag2i9` FOREIGN KEY (`category_id`) REFERENCES `category` (`id`)
) ENGINE=InnoDB AUTO_INCREMENT=70 DEFAULT CHARSET=utf8mb4;
/*!40101 SET character_set_client = @saved_cs_client */;

--
-- Dumping data for table `live_category`
--

LOCK TABLES `live_category` WRITE;
/*!40000 ALTER TABLE `live_category` DISABLE KEYS */;
INSERT INTO `live_category` VALUES (1,16,1),(2,20,1),(3,16,2),(4,12,3),(5,20,3),(6,12,4),(7,20,4),(8,3,5),(11,3,7),(12,20,7),(13,20,8),(14,14,9),(15,20,9),(16,20,10),(17,14,11),(18,20,11),(19,5,12),(20,20,12),(21,2,13),(22,20,13),(27,8,16),(28,9,16),(31,4,18),(32,9,19),(33,20,19),(34,8,19),(35,8,20),(36,9,20),(37,11,20),(38,10,20),(39,8,21),(40,9,21),(41,11,21),(42,14,21),(43,5,21),(44,6,22),(45,8,22),(46,6,23),(47,8,23),(48,10,23),(49,14,24),(50,20,24),(51,7,25),(52,16,25),(53,7,26),(54,16,26),(55,5,27),(56,3,28),(57,2,29),(58,4,30),(59,3,30),(60,2,31),(61,4,31),(63,6,33),(64,10,34),(65,11,34),(66,18,35),(67,4,35),(68,13,36),(69,20,36);
/*!40000 ALTER TABLE `live_category` ENABLE KEYS */;
UNLOCK TABLES;

--
-- Table structure for table `product`
--

DROP TABLE IF EXISTS `product`;
/*!40101 SET @saved_cs_client     = @@character_set_client */;
/*!50503 SET character_set_client = utf8mb4 */;
CREATE TABLE `product` (
  `id` bigint(20) NOT NULL AUTO_INCREMENT,
  `created_at` datetime(6) DEFAULT NULL,
  `buyer_id` bigint(20) DEFAULT NULL,
  `image_url` varchar(255) DEFAULT NULL,
  `initial_price` int(11) NOT NULL,
  `is_approval` bit(1) NOT NULL,
  `is_paid` bit(1) NOT NULL,
  `left_topx` int(11) NOT NULL,
  `left_topy` int(11) NOT NULL,
  `name` varchar(255) DEFAULT NULL,
  `right_bottomx` int(11) NOT NULL,
  `right_bottomy` int(11) NOT NULL,
  `sold_at` datetime(6) DEFAULT NULL,
  `sold_price` int(11) NOT NULL,
  `live_id` bigint(20) DEFAULT NULL,
  `seller_id` bigint(20) DEFAULT NULL,
  PRIMARY KEY (`id`),
  KEY `FK996onn11af14netkudluvbaw3` (`live_id`,`seller_id`),
  CONSTRAINT `FK996onn11af14netkudluvbaw3` FOREIGN KEY (`live_id`, `seller_id`) REFERENCES `live` (`id`, `seller_id`)
) ENGINE=InnoDB AUTO_INCREMENT=135 DEFAULT CHARSET=utf8mb4;
/*!40101 SET character_set_client = @saved_cs_client */;

--
-- Dumping data for table `product`
--

LOCK TABLES `product` WRITE;
/*!40000 ALTER TABLE `product` DISABLE KEYS */;
INSERT INTO `product` VALUES (1,'2023-02-15 23:02:32.964047',1,'20230215341823646739600.png',1500,_binary '',_binary '',145,19,'커터칼',257,224,'2023-02-15 23:03:59.972076',2000,1,2),(2,'2023-02-15 23:02:32.980259',1,'20230215341823646739600.png',3000,_binary '',_binary '',33,194,'가위',274,581,'2023-02-15 23:03:59.972076',2000,1,2),(3,'2023-02-15 23:02:32.980259',1,'20230215341823646739600.png',500,_binary '',_binary '',247,6,'제트스트림 검정 볼펜',327,244,'2023-02-15 23:05:10.541068',450,1,2),(4,'2023-02-15 23:02:32.988260',1,'20230215341823646739600.png',500,_binary '',_binary '',320,6,'제트스트림 빨간 볼펜',426,244,'2023-02-15 23:05:10.541068',450,1,2),(5,'2023-02-15 23:02:32.988260',1,'20230215341823646739600.png',500,_binary '',_binary '',409,9,'제트스트림 파란 볼펜',528,244,'2023-02-15 23:05:10.541068',450,1,2),(6,'2023-02-15 23:02:32.996538',1,'20230215341823646739600.png',3000,_binary '',_binary '',558,6,'어피치 삼색 볼펜',663,251,'2023-02-15 23:06:19.772169',1000,1,2),(7,'2023-02-15 23:02:32.996538',3,'20230215341823646739600.png',0,_binary '',_binary '',640,3,'형관펜',769,270,'2023-02-15 23:07:26.466338',0,1,2),(8,'2023-02-15 23:02:33.004542',4,'20230215341823646739600.png',2500,_binary '',_binary '',749,16,'몬스터주식회사 샤프',888,254,'2023-02-15 23:08:22.232724',1250,1,2),(9,'2023-02-15 23:02:33.004542',3,'20230215341823646739600.png',0,_binary '',_binary '',234,257,'분홍색 형광펜',343,627,'2023-02-15 23:07:26.466338',0,1,2),(10,'2023-02-15 23:02:33.004542',3,'20230215341823646739600.png',0,_binary '',_binary '',336,260,'컴퓨터용 싸인펜',472,621,'2023-02-15 23:07:26.474341',0,1,2),(11,'2023-02-15 23:02:33.013337',4,'20230215341823646739600.png',0,_binary '',_binary '',469,251,'보라 무민 볼펜',591,621,'2023-02-15 23:08:22.232724',1250,1,2),(12,'2023-02-15 23:02:33.013337',1,'20230215341823646739600.png',300,_binary '',_binary '',564,280,'셔프심',716,548,'2023-02-15 23:06:19.772169',1000,1,2),(13,'2023-02-15 23:02:33.013337',1,'20230215341823646739600.png',0,_binary '',_binary '',726,257,'아인 지우개',898,429,'2023-02-15 23:06:19.780168',1000,1,2),(14,'2023-02-15 23:02:33.021342',1,'20230215341823646739600.png',0,_binary '',_binary '',710,432,'수정 테이프',948,594,'2023-02-15 23:06:19.780168',1000,1,2),(15,'2023-02-15 23:35:03.862778',2,'20230215343774559728800.png',5000,_binary '',_binary '',128,-4,'스프링부트 책',416,277,'2023-02-15 23:36:23.551104',4500,2,1),(16,'2023-02-15 23:35:03.876321',3,'20230215343774559728800.png',7000,_binary '',_binary '',399,3,'혼자 공부하는 컴퓨터구조+운영체제',677,300,'2023-02-15 23:37:02.126188',7000,2,1),(17,'2023-02-15 23:35:03.880557',4,'20230215343774559728800.png',10000,_binary '',_binary '',637,6,'Java의 정석',934,287,'2023-02-15 23:37:59.899786',9900,2,1),(18,'2023-02-15 23:35:03.882845',5,'20230215343774559728800.png',0,_binary '',_binary '',95,264,'Do it! HTML+CSS+JS',426,627,'2023-02-15 23:38:50.954548',0,2,1),(19,'2023-02-15 23:35:03.885297',6,'20230215343774559728800.png',0,_binary '',_binary '',416,290,'Do it! Vue.js 입문',700,630,'2023-02-15 23:39:05.949542',0,2,1),(20,'2023-02-15 23:35:03.885297',2,'20230215343774559728800.png',5000,_binary '',_binary '',690,297,'SQL 자격검정실전문제',1010,630,'2023-02-15 23:36:23.551104',4500,2,1),(21,'2023-02-16 00:04:13.321908',2,'20230216345524016713300.png',1000,_binary '',_binary '',161,6,'분홍 곱창머리끈',389,241,'2023-02-16 00:05:36.546066',1150,3,1),(22,'2023-02-16 00:04:13.331613',3,'20230216345524016713300.png',1000,_binary '',_binary '',644,0,'하얀 곱창머리끈',872,151,'2023-02-16 00:06:05.629098',1000,3,1),(23,'2023-02-16 00:04:13.334927',7,'20230216345524016713300.png',1000,_binary '',_binary '',611,145,'보라 곱창머리끈',921,333,'2023-02-16 00:07:32.335197',600,3,1),(24,'2023-02-16 00:04:13.337928',8,'20230216345524016713300.png',0,_binary '',_binary '',379,181,'병아리 거울',561,323,'2023-02-16 00:08:19.454437',600,3,1),(25,'2023-02-16 00:04:13.341461',8,'20230216345524016713300.png',1500,_binary '',_binary '',277,307,'헤어롤',485,614,'2023-02-16 00:08:19.454437',600,3,1),(26,'2023-02-16 00:04:13.344403',2,'20230216345524016713300.png',1500,_binary '',_binary '',535,360,'미니 집게핀',700,564,'2023-02-16 00:05:36.546066',1150,3,1),(27,'2023-02-16 00:04:13.347300',9,'20230216345524016713300.png',3000,_binary '',_binary '',720,320,'큰 집게핀',961,604,'2023-02-16 00:08:58.950564',3000,3,1),(28,'2023-02-16 00:04:13.349981',7,'20230216345524016713300.png',0,_binary '',_binary '',412,36,'꼬리빗',667,165,'2023-02-16 00:07:32.336197',600,3,1),(29,'2023-02-16 00:37:27.026739',10,'20230216347517722035200.png',50000,_binary '',_binary '',267,9,'로즈골드 팔레트',478,184,'2023-02-16 00:40:58.960695',45000,4,1),(30,'2023-02-16 00:37:27.039368',14,'20230216347517722035200.png',7000,_binary '',_binary '',469,33,'핑크 팔레트',845,184,'2023-02-16 00:50:13.289859',3750,4,1),(31,'2023-02-16 00:37:27.040742',13,'20230216347517722035200.png',5000,_binary '',_binary '',647,175,'무니 팔레트',872,353,'2023-02-16 00:48:22.399727',4500,4,1),(32,'2023-02-16 00:37:27.042186',2,'20230216347517722035200.png',25000,_binary '',_binary '',746,356,'바디크림',951,551,'2023-02-16 00:41:43.099387',12500,4,1),(33,'2023-02-16 00:37:27.043541',2,'20230216347517722035200.png',0,_binary '',_binary '',531,350,'선크림',769,637,'2023-02-16 00:41:43.100299',12500,4,1),(34,'2023-02-16 00:37:27.045543',14,'20230216347517722035200.png',0,_binary '',_binary '',303,419,'립밤',551,597,'2023-02-16 00:50:13.290858',3750,4,1),(35,'2023-02-16 00:37:27.046691',11,'20230216347517722035200.png',33000,_binary '',_binary '',194,188,'향수1',412,439,'2023-02-16 00:43:37.868641',30000,4,1),(36,'2023-02-16 00:37:27.048697',12,'20230216347517722035200.png',65000,_binary '',_binary '',416,181,'향수2',601,360,'2023-02-16 00:46:22.804084',55000,4,1),(37,'2023-02-16 01:29:41.624028',2,'20230216350652318196500.png',0,_binary '',_binary '',115,360,'체중계',459,630,'2023-02-16 01:31:11.819144',7500,5,1),(38,'2023-02-16 01:29:41.627667',2,'20230216350652318196500.png',15000,_binary '',_binary '',327,0,'어피치 선풍기',776,627,'2023-02-16 01:31:11.819144',7500,5,1),(39,'2023-02-16 01:54:40.623579',2,'20230216352151318599500.png',35000,_binary '',_binary '',89,0,'봉고데기',521,376,'2023-02-16 01:55:58.537320',16500,7,1),(40,'2023-02-16 01:54:40.625560',2,'20230216352151318599500.png',0,_binary '',_binary '',379,112,'헤어브러쉬',703,597,'2023-02-16 01:55:58.538322',16500,7,1),(41,'2023-02-16 01:54:40.627577',3,'20230216352151318599500.png',12500,_binary '',_binary '',670,9,'드라이기',1017,597,'2023-02-16 01:56:48.299120',12000,7,1),(42,'2023-02-16 02:14:14.073685',3,'20230216353324767171900.png',0,_binary '',_binary '',396,19,'리콜라 레몬맛 사탕',611,260,'2023-02-16 02:15:59.645265',500,8,1),(43,'2023-02-16 02:14:14.076698',2,'20230216353324767171900.png',0,_binary '',_binary '',630,26,'리콜라 크랜베리맛 사탕',839,270,'2023-02-16 02:15:15.173575',1250,8,1),(44,'2023-02-16 02:14:14.078685',3,'20230216353324767171900.png',1000,_binary '',_binary '',297,277,'타이레놀',611,561,'2023-02-16 02:15:59.646195',500,8,1),(45,'2023-02-16 02:14:14.081009',2,'20230216353324767171900.png',2000,_binary '',_binary '',591,260,'코로나 자가진단키트',885,627,'2023-02-16 02:15:15.174584',1250,8,1),(46,'2023-02-16 02:31:36.677943',2,'20230216354367373794500.png',500,_binary '',_binary '',184,0,'산타모자',720,366,'2023-02-16 02:32:25.214969',500,9,1),(47,'2023-02-16 02:31:36.680737',3,'20230216354367373794500.png',0,_binary '',_binary '',700,-4,'클스마수 머리띠',1000,333,'2023-02-16 02:32:42.597263',0,9,1),(48,'2023-02-16 02:31:36.682587',2,'20230216354367373794500.png',0,_binary '',_binary '',280,360,'트리 안경',637,634,'2023-02-16 02:32:25.216069',500,9,1),(49,'2023-02-16 02:31:36.684590',3,'20230216354367373794500.png',0,_binary '',_binary '',624,346,'루돌프 안경',951,630,'2023-02-16 02:32:42.599972',0,9,1),(50,'2023-02-16 02:40:56.695808',2,'20230216354927390304200.png',2000,_binary '',_binary '',214,59,'불닭볶음면 2개',601,571,'2023-02-16 02:41:32.797108',2000,10,1),(51,'2023-02-16 02:40:56.699577',3,'20230216354927390304200.png',1500,_binary '',_binary '',561,39,'핫초코',977,399,'2023-02-16 02:42:13.215300',600,10,1),(52,'2023-02-16 02:40:56.701578',3,'20230216354927390304200.png',0,_binary '',_binary '',601,396,'껌',829,621,'2023-02-16 02:42:13.215300',600,10,1),(53,'2023-02-16 02:52:44.879210',1,'20230216355635573504200.png',5000,_binary '',_binary '',85,277,'스펀지밥',412,614,'2023-02-16 02:53:40.226553',3125,11,2),(54,'2023-02-16 02:52:44.888895',1,'20230216355635573504200.png',5000,_binary '',_binary '',723,161,'뚱이',990,521,'2023-02-16 02:53:40.227175',3125,11,2),(55,'2023-02-16 02:52:44.891282',1,'20230216355635573504200.png',0,_binary '',_binary '',310,56,'병아리',769,376,'2023-02-16 02:53:40.227713',3125,11,2),(56,'2023-02-16 02:52:44.893448',1,'20230216355635573504200.png',0,_binary '',_binary '',386,353,'곰돌이',802,627,'2023-02-16 02:53:40.228228',3125,11,2),(57,'2023-02-16 03:06:09.421530',1,'20230216356440117362000.png',1000,_binary '',_binary '',188,-4,'라이언 물티슈',647,247,'2023-02-16 03:07:01.721740',600,12,2),(58,'2023-02-16 03:06:09.424838',1,'20230216356440117362000.png',0,_binary '',_binary '',320,307,'곰돌이 받침대',660,614,'2023-02-16 03:07:36.552459',1750,12,2),(59,'2023-02-16 03:06:09.426837',1,'20230216356440117362000.png',3000,_binary '',_binary '',644,234,'귀요미 뒤집개',928,617,'2023-02-16 03:07:36.552459',1750,12,2),(60,'2023-02-16 03:06:09.430339',1,'20230216356440117362000.png',0,_binary '',_binary '',634,6,'휴지',855,234,'2023-02-16 03:07:01.722657',600,12,2),(61,'2023-02-16 03:27:43.021381',NULL,'20230216357733605425000.png',0,_binary '\0',_binary '\0',297,0,'리모콘',432,178,NULL,0,13,3),(62,'2023-02-16 03:27:43.024342',2,'20230216357733605425000.png',150000,_binary '',_binary '',247,165,'갤럭시 플립',412,330,'2023-02-16 03:29:34.326116',140000,13,3),(63,'2023-02-16 03:27:43.031142',NULL,'20230216357733605425000.png',100000,_binary '\0',_binary '\0',274,333,'갤럭시탭',723,630,NULL,0,13,3),(64,'2023-02-16 03:27:43.033141',NULL,'20230216357733605425000.png',50000,_binary '\0',_binary '\0',445,161,'갤럭시 버즈',578,327,NULL,0,13,3),(65,'2023-02-16 03:27:43.035141',NULL,'20230216357733605425000.png',0,_binary '\0',_binary '\0',452,16,'건전지',627,171,NULL,0,13,3),(66,'2023-02-16 03:27:43.036769',NULL,'20230216357733605425000.png',5000,_binary '\0',_binary '\0',594,161,'삼성고속충전기',805,366,NULL,0,13,3),(67,'2023-02-16 03:57:22.061343',NULL,'20230216359512647042100.png',10000,_binary '\0',_binary '\0',109,39,'민트색 맨투맨',363,297,NULL,0,16,4),(68,'2023-02-16 03:57:22.063644',5,'20230216359512647042100.png',8000,_binary '',_binary '',402,36,'빨간색 맨두맨',654,327,'2023-02-16 03:58:54.994012',4750,16,4),(69,'2023-02-16 03:57:22.066646',5,'20230216359512647042100.png',0,_binary '',_binary '',693,75,'분홍색 니트',948,369,'2023-02-16 03:58:54.995091',4750,16,4),(70,'2023-02-16 03:57:22.067646',NULL,'20230216359512647042100.png',0,_binary '\0',_binary '\0',42,297,'보라색 맨투맨',327,624,NULL,0,16,4),(71,'2023-02-16 03:57:22.069646',NULL,'20230216359512647042100.png',12000,_binary '\0',_binary '\0',346,317,'하늘색 맨투맨',617,617,NULL,0,16,4),(72,'2023-02-16 03:57:22.072137',NULL,'20230216359512647042100.png',20000,_binary '\0',_binary '\0',640,360,'살구색 니트',971,630,NULL,0,16,4),(73,'2023-02-16 04:17:20.188376',NULL,'20230216360710773656700.png',0,_binary '\0',_binary '\0',89,3,'편안한 의자',891,617,NULL,0,18,5),(74,'2023-02-16 04:23:56.463716',NULL,'20230216361107047334800.png',0,_binary '\0',_binary '\0',16,39,'따뜻한 장갑',247,442,NULL,0,19,6),(75,'2023-02-16 04:23:56.477030',NULL,'20230216361107047334800.png',1000,_binary '\0',_binary '\0',214,39,'노란 양말',419,611,NULL,0,19,6),(76,'2023-02-16 04:23:56.479193',NULL,'20230216361107047334800.png',1000,_binary '\0',_binary '\0',416,19,'분홍 양말',637,601,NULL,0,19,6),(77,'2023-02-16 04:23:56.482198',NULL,'20230216361107047334800.png',1000,_binary '\0',_binary '\0',644,23,'갈색 양말',839,587,NULL,0,19,6),(78,'2023-02-16 04:23:56.484196',NULL,'20230216361107047334800.png',1000,_binary '\0',_binary '\0',829,19,'하얀 양말',1007,597,NULL,0,19,6),(79,'2023-02-16 11:11:51.303000',NULL,'202302161901467100099218.png',50000,_binary '\0',_binary '\0',171,19,'뉴진스 백?',809,634,NULL,0,20,19),(80,'2023-02-16 11:16:35.325000',NULL,'202302161901751131367063.png',27000,_binary '\0',_binary '\0',0,181,'파란색? 토끼모자',343,558,NULL,0,21,20),(81,'2023-02-16 11:16:35.334000',NULL,'202302161901751131367063.png',12000,_binary '\0',_binary '\0',313,23,'OMG? 모자',736,445,NULL,0,21,20),(82,'2023-02-16 11:16:35.340000',NULL,'202302161901751131367063.png',20000,_binary '\0',_binary '\0',730,118,'빨간? 토끼모자',1007,574,NULL,0,21,20),(83,'2023-02-16 11:45:49.880000',NULL,'202302161903505686693436.png',0,_binary '\0',_binary '\0',343,128,'핑크색 유아 털양말',558,383,NULL,0,22,17),(84,'2023-02-16 11:45:49.887000',NULL,'202302161903505686693436.png',0,_binary '\0',_binary '\0',515,142,'눈사람 털모자',984,624,NULL,0,22,17),(85,'2023-02-16 11:45:49.892000',NULL,'202302161903505686693436.png',0,_binary '\0',_binary '\0',161,379,'하늘색 털양말',366,624,NULL,0,22,17),(86,'2023-02-16 11:45:49.898000',NULL,'202302161903505686693436.png',0,_binary '\0',_binary '\0',386,6,'털장갑',574,155,NULL,0,22,17),(87,'2023-02-16 11:45:49.903000',NULL,'202302161903505686693436.png',0,_binary '\0',_binary '\0',366,426,'크리스마스 양말',574,637,NULL,0,22,17),(88,'2023-02-16 11:49:22.390000',NULL,'202302161903718196154490.png',0,_binary '\0',_binary '\0',495,221,'털모자',822,607,NULL,0,23,18),(89,'2023-02-16 11:49:22.396000',NULL,'202302161903718196154490.png',0,_binary '\0',_binary '\0',356,49,'털장갑',545,234,NULL,0,23,18),(90,'2023-02-16 11:49:22.402000',NULL,'202302161903718196154490.png',0,_binary '\0',_binary '\0',194,49,'털비니',369,221,NULL,0,23,18),(91,'2023-02-16 11:49:22.407000',NULL,'202302161903718196154490.png',0,_binary '\0',_binary '\0',293,221,'털양말',505,422,NULL,0,23,18),(92,'2023-02-16 11:49:22.414000',NULL,'202302161903718196154490.png',0,_binary '\0',_binary '\0',188,227,'털양말2',340,416,NULL,0,23,18),(93,'2023-02-16 11:49:22.419000',NULL,'202302161903718196154490.png',0,_binary '\0',_binary '\0',175,432,'하늘색 털양말',333,621,NULL,0,23,18),(94,'2023-02-16 11:49:22.424000',NULL,'202302161903718196154490.png',0,_binary '\0',_binary '\0',310,449,'크리스마스 양말',495,627,NULL,0,23,18),(95,'2023-02-16 11:49:22.430000',NULL,'202302161903718196154490.png',0,_binary '\0',_binary '\0',558,16,'털부츠',799,231,NULL,0,23,18),(96,'2023-02-16 11:55:27.611000',NULL,'202302161904083416935918.png',125000,_binary '\0',_binary '\0',627,260,'오로로상',822,472,NULL,0,24,17),(97,'2023-02-16 11:55:27.617000',NULL,'202302161904083416935918.png',200000,_binary '\0',_binary '\0',445,251,'쿨상디',650,472,NULL,0,24,17),(98,'2023-02-16 11:55:27.622000',NULL,'202302161904083416935918.png',600000,_binary '\0',_binary '\0',92,274,'프리미엄 에디션 나지',310,465,NULL,0,24,17),(99,'2023-02-16 11:55:27.627000',NULL,'202302161904083416935918.png',300000,_binary '\0',_binary '\0',287,13,'울프바디키츠',472,191,NULL,0,24,17),(100,'2023-02-16 11:55:27.632000',NULL,'202302161904083416935918.png',250000,_binary '\0',_binary '\0',102,23,'엔젤우몬섬머',280,191,NULL,0,24,17),(101,'2023-02-16 12:38:53.867000',NULL,'202302161906689673326913.png',0,_binary '\0',_binary '\0',79,6,'외로울 때 읽는 동화',363,350,NULL,0,25,7),(102,'2023-02-16 12:38:53.873000',NULL,'202302161906689673326913.png',0,_binary '\0',_binary '\0',360,0,'예뻐지고 싶을 때 읽는 동화',647,336,NULL,0,25,7),(103,'2023-02-16 12:38:53.878000',NULL,'202302161906689673326913.png',0,_binary '\0',_binary '\0',637,3,'인기를 얻고 싶을 때 읽는 동화',981,317,NULL,0,25,7),(104,'2023-02-16 12:38:53.885000',NULL,'202302161906689673326913.png',0,_binary '\0',_binary '\0',52,350,'자신감이 없을 때 읽는 동화',343,630,NULL,0,25,7),(105,'2023-02-16 12:38:53.891000',NULL,'202302161906689673326913.png',0,_binary '\0',_binary '\0',356,340,'울고 싶을 때 읽는 동화',667,627,NULL,0,25,7),(106,'2023-02-16 12:38:53.896000',NULL,'202302161906689673326913.png',0,_binary '\0',_binary '\0',677,340,'샘이 날 때 읽는 동화',1020,634,NULL,0,25,7),(107,'2023-02-16 12:44:06.576000',NULL,'202302161907002382203323.png',1000,_binary '\0',_binary '\0',3,6,'빨간 머리 앤',231,323,NULL,0,26,8),(108,'2023-02-16 12:44:06.582000',NULL,'202302161907002382203323.png',1000,_binary '\0',_binary '\0',267,0,'키다리 아저씨',518,307,NULL,0,26,8),(109,'2023-02-16 12:44:06.587000',NULL,'202302161907002382203323.png',1000,_binary '\0',_binary '\0',521,13,'세계 우수 단편',809,320,NULL,0,26,8),(110,'2023-02-16 12:44:06.593000',NULL,'202302161907002382203323.png',1000,_binary '\0',_binary '\0',792,19,'폭풍의 언덕',1014,320,NULL,0,26,8),(111,'2023-02-16 12:44:06.598000',NULL,'202302161907002382203323.png',1000,_binary '\0',_binary '\0',6,343,'비밀의 화원',214,611,NULL,0,26,8),(112,'2023-02-16 12:44:06.603000',NULL,'202302161907002382203323.png',1000,_binary '\0',_binary '\0',224,336,'로미오와 줄리엣',502,617,NULL,0,26,8),(113,'2023-02-16 12:44:06.608000',NULL,'202302161907002382203323.png',1000,_binary '\0',_binary '\0',515,333,'로빈슨 크루소',825,624,NULL,0,26,8),(114,'2023-02-16 12:44:06.614000',NULL,'202302161907002382203323.png',1000,_binary '\0',_binary '\0',832,336,'작은 아씨들',1020,627,NULL,0,26,8),(115,'2023-02-16 12:56:23.532000',NULL,'202302161907739338802035.png',1500,_binary '\0',_binary '\0',9,9,'국자1',178,614,NULL,0,27,9),(116,'2023-02-16 12:56:23.539000',NULL,'202302161907739338802035.png',1000,_binary '\0',_binary '\0',188,36,'왕포크',297,624,NULL,0,27,9),(117,'2023-02-16 12:56:23.547000',NULL,'202302161907739338802035.png',0,_binary '\0',_binary '\0',287,6,'국자2',538,627,NULL,0,27,9),(118,'2023-02-16 12:56:23.551000',NULL,'202302161907739338802035.png',0,_binary '\0',_binary '\0',528,19,'국자3',769,627,NULL,0,27,9),(119,'2023-02-16 12:56:23.556000',NULL,'202302161907739338802035.png',0,_binary '\0',_binary '\0',726,6,'국자4',1007,621,NULL,0,27,9),(120,'2023-02-16 13:49:02.122000',NULL,'202302161910897928072886.png',20000,_binary '\0',_binary '\0',95,6,'롯데 공기청정기',812,627,NULL,0,28,10),(121,'2023-02-16 14:00:58.678000',NULL,'202302161911614484181562.png',25000,_binary '\0',_binary '\0',56,9,'삼성라디오',1007,630,NULL,0,29,11),(122,'2023-02-16 14:08:42.900000',NULL,'202302161912078705989431.png',65000,_binary '\0',_binary '\0',19,6,'8mm 통유리 원목 테이블',1007,627,NULL,0,30,12),(123,'2023-02-16 14:17:27.736000',NULL,'202302161912603542107373.png',0,_binary '\0',_binary '\0',56,102,'의자1',426,614,NULL,0,31,13),(124,'2023-02-16 14:17:27.742000',NULL,'202302161912603542107373.png',0,_binary '\0',_binary '\0',670,79,'의자2',1020,621,NULL,0,31,13),(125,'2023-02-16 14:17:27.747000',NULL,'202302161912603542107373.png',150000,_binary '\0',_binary '\0',323,9,'컴퓨터',670,257,NULL,0,31,13),(126,'2023-02-16 14:37:45.298000',NULL,'202302161913821104819769.png',2000,_binary '\0',_binary '\0',39,244,'헬로키티 컵',360,587,NULL,0,33,14),(127,'2023-02-16 14:37:45.305000',NULL,'202302161913821104819769.png',2500,_binary '\0',_binary '\0',690,99,'뽀로로 물컵',1020,521,NULL,0,33,14),(128,'2023-02-16 14:37:45.310000',NULL,'202302161913821104819769.png',0,_binary '\0',_binary '\0',432,92,'공주 수저통',713,442,NULL,0,33,14),(129,'2023-02-16 14:37:45.314000',NULL,'202302161913821104819769.png',0,_binary '\0',_binary '\0',208,6,'투명 물컵',472,343,NULL,0,33,14),(130,'2023-02-16 14:37:45.319000',NULL,'202302161913821104819769.png',0,_binary '\0',_binary '\0',320,478,'헬로키티 반찬통',809,630,NULL,0,33,14),(131,'2023-02-16 14:47:24.369000',NULL,'202302161914400175366252.png',12000,_binary '\0',_binary '\0',19,218,'하늘색 와이셔츠',396,621,NULL,0,34,21),(132,'2023-02-16 14:47:24.375000',NULL,'202302161914400175366252.png',35000,_binary '\0',_binary '\0',379,9,'정장',1007,607,NULL,0,34,21),(133,'2023-02-16 14:54:16.502000',NULL,'202302161914812308897840.png',15000,_binary '\0',_binary '\0',26,13,'반려동물 계단',1007,624,NULL,0,35,22),(134,'2023-02-16 14:57:20.480000',NULL,'202302161914996285906729.png',200000,_binary '\0',_binary '\0',13,9,'로드자전거',1004,621,NULL,0,36,23);
/*!40000 ALTER TABLE `product` ENABLE KEYS */;
UNLOCK TABLES;

--
-- Table structure for table `review`
--

DROP TABLE IF EXISTS `review`;
/*!40101 SET @saved_cs_client     = @@character_set_client */;
/*!50503 SET character_set_client = utf8mb4 */;
CREATE TABLE `review` (
  `id` bigint(20) NOT NULL AUTO_INCREMENT,
  `created_at` datetime(6) DEFAULT NULL,
  `content` text,
  `is_seller` bit(1) NOT NULL,
  `is_visible` bit(1) NOT NULL,
  `score` double DEFAULT NULL,
  `product_id` bigint(20) DEFAULT NULL,
  PRIMARY KEY (`id`),
  KEY `FKiyof1sindb9qiqr9o8npj8klt` (`product_id`),
  CONSTRAINT `FKiyof1sindb9qiqr9o8npj8klt` FOREIGN KEY (`product_id`) REFERENCES `product` (`id`)
) ENGINE=InnoDB AUTO_INCREMENT=90 DEFAULT CHARSET=utf8mb4;
/*!40101 SET character_set_client = @saved_cs_client */;

--
-- Dumping data for table `review`
--

LOCK TABLES `review` WRITE;
/*!40000 ALTER TABLE `review` DISABLE KEYS */;
INSERT INTO `review` VALUES (1,'2023-02-15 23:11:39.965274','형광펜 잘 쓰겠습니다!',_binary '\0',_binary '',5,9),(2,'2023-02-15 23:12:08.602391','시험 볼 때 필요해서 구매했습니다!',_binary '\0',_binary '',5,10),(3,'2023-02-15 23:12:33.351580','이쁘게 써주세요~',_binary '',_binary '',5,9),(4,'2023-02-15 23:12:50.804795','테이프 잘 부탁합니다~~',_binary '',_binary '',5,14),(5,'2023-02-15 23:13:00.327688','지우개 잘 부탁드려요~~',_binary '',_binary '',5,13),(6,'2023-02-15 23:13:10.818235','귀여운 어피치 잘 부탁드립니다ㅎㅎ',_binary '',_binary '',5,6),(7,'2023-02-15 23:13:31.487743','가위 조심해서 사용하세요~~ㅎㅎ',_binary '',_binary '',5,2),(8,'2023-02-15 23:23:31.718833','무민 볼펜 졸귀!!',_binary '\0',_binary '',5,11),(9,'2023-02-15 23:23:47.425872','몬스터주식회사 샤프는 처음 보는데 너무 맘에 들어요!!!',_binary '\0',_binary '',5,8),(10,'2023-02-15 23:24:11.176808','무민을 잘 부탁합니다~~!',_binary '',_binary '',5,11),(11,'2023-02-15 23:24:31.862718','노오오랑 형광펜 잘 쓰세용',_binary '',_binary '',5,7),(12,'2023-02-15 23:24:45.001962','손 조심해서 사용하세요!',_binary '',_binary '',5,1),(13,'2023-02-15 23:39:52.349797','스프링 열공 하세용',_binary '',_binary '',5,15),(14,'2023-02-15 23:40:20.285414','vue의 신이 되길..',_binary '',_binary '',5,19),(15,'2023-02-15 23:44:33.462212','SQLD 꼭 합격하겠습니다~',_binary '\0',_binary '',5,20),(16,'2023-02-15 23:44:39.551171','스프링 마스터 갑니다.',_binary '\0',_binary '',5,15),(17,'2023-02-15 23:49:44.531727','SQLD 화이팅!!!!!',_binary '',_binary '',5,20),(18,'2023-02-15 23:49:59.400451','수정 테이프 잘 쓰겠습니당!',_binary '\0',_binary '',5,14),(19,'2023-02-15 23:50:13.764043','샤프심 필요했는데 감사합니다~~',_binary '\0',_binary '',5,12),(20,'2023-02-15 23:50:22.801954','지우개는 아인이죠!!!',_binary '\0',_binary '',5,13),(21,'2023-02-15 23:50:37.949209','볼펜은 제트스트림이 짱이더라구욯ㅎㅎ',_binary '\0',_binary '',5,5),(22,'2023-02-15 23:50:55.037275','커터칼이 참 귀엽군요!! 감사합니당',_binary '\0',_binary '',5,1),(23,'2023-02-15 23:51:10.621407','어피치 볼펜이라늬!!!! 너무 사랑스러워요ㅠㅠ 감사합니당',_binary '\0',_binary '',5,6),(24,'2023-02-15 23:51:28.232953','자바의 신이 되십쇼',_binary '',_binary '',5,17),(25,'2023-02-15 23:55:17.859860','자바의 정석으로 공부 시작하겠습니다!!!',_binary '\0',_binary '',5,17),(26,'2023-02-16 00:11:12.612949','미니 집게핀 반묶음 할 때 너무 이쁠 것 같아용',_binary '\0',_binary '',5,26),(27,'2023-02-16 00:11:29.460551','곱창머리끈 이뻐요ㅎㅎ',_binary '\0',_binary '',5,21),(28,'2023-02-16 00:11:53.459253','머리끈 잘 쓸게요~~><',_binary '\0',_binary '',5,22),(29,'2023-02-16 00:12:12.716569','꼬리빗 너무 귀여워요!!!',_binary '\0',_binary '',5,28),(30,'2023-02-16 00:14:44.895197','이렇게 큰 헤어롤이라니!! 정말 편하군요ㅎㅎ',_binary '\0',_binary '',5,25),(31,'2023-02-16 00:15:48.659587','여러분!! 이 거울 좀 보세요!!!!!!! 병아리 귀여운 거 보이시나요ㅠㅠ',_binary '\0',_binary '',5,24),(32,'2023-02-16 00:19:39.772205','덕분에 머리를 이쁘게 묶을 수 있습니다!',_binary '\0',_binary '',5,27),(33,'2023-02-16 00:23:43.542792','꼬리빗 잘 써주세용',_binary '',_binary '',5,28),(34,'2023-02-16 00:24:04.178708','집게핀으로 머리 이쁘게 묶으세요!!',_binary '',_binary '',5,27),(35,'2023-02-16 00:24:40.077217','귀여운 병아리 많이 아껴주세요><',_binary '',_binary '',5,24),(36,'2023-02-16 00:24:53.058837','머리 이쁘게 묶으시길!!!!',_binary '',_binary '',5,22),(37,'2023-02-16 00:25:38.699588','거대한 헤어롤로 편하게 머리 말아보세용~~',_binary '',_binary '',5,25),(38,'2023-02-16 00:51:44.586624','팔레트 너무 예쁩니다ㅠㅠ',_binary '\0',_binary '',5,29),(39,'2023-02-16 00:56:54.190333','와 디올 향수라니!!!! 감동 ㅠㅠ',_binary '\0',_binary '',5,35),(40,'2023-02-16 00:59:41.272765','정말 인생 향수입니다...',_binary '\0',_binary '',5,36),(41,'2023-02-16 01:03:46.308414','색 짱 이뻐용',_binary '\0',_binary '',5,31),(42,'2023-02-16 01:06:26.865628','립밤 정말 촉촉합니다!!',_binary '\0',_binary '',5,34),(43,'2023-02-16 01:06:40.169818','핑쿠핑쿠 색 너무 이쁩니당',_binary '\0',_binary '',5,30),(44,'2023-02-16 01:10:22.664036','향수 잘 써주세용',_binary '',_binary '',5,36),(45,'2023-02-16 01:10:36.327121','향수 잘 부탁드려요~',_binary '',_binary '',5,35),(46,'2023-02-16 01:10:57.267265','이번 겨울 촉촉한 입술 지켜주세요~',_binary '',_binary '',5,34),(47,'2023-02-16 01:11:24.380552','목욕 후에 이용해 보세요~',_binary '',_binary '',5,32),(48,'2023-02-16 01:11:35.449672','우리 아이 잘 부탁합니당..ㅎㅎ',_binary '',_binary '',5,29),(49,'2023-02-16 01:33:00.441113','와 선풍기도 어피치가 있다니!!! 졸귀탱',_binary '\0',_binary '',5,38),(50,'2023-02-16 01:33:20.447391','향 좋아요~',_binary '\0',_binary '',5,32),(51,'2023-02-16 01:36:12.816216','귀여운 어피치 잘 데려가주세요~',_binary '',_binary '',5,38),(52,'2023-02-16 01:36:26.521745','다이어트를 위한 체중계!!!!',_binary '',_binary '',5,37),(53,'2023-02-16 01:57:57.098467','드라이기 잘 사용해 주세요~~',_binary '',_binary '',5,41),(54,'2023-02-16 01:58:15.097107','머리 이쁘게 고데기하세용',_binary '',_binary '',5,39),(55,'2023-02-16 01:58:40.008643','이 봉고데기로 금손이 되어보겠습니다!',_binary '\0',_binary '',5,39),(56,'2023-02-16 01:58:48.470455','브러쉬가 참 이쁘네요~~',_binary '\0',_binary '',5,40),(57,'2023-02-16 02:16:39.051917','타이레놀로 회복하겠습니다!!!',_binary '\0',_binary '',5,44),(58,'2023-02-16 02:16:55.254952','처음 먹어봤는데 생각보다 맛있어서 놀랐습니다!',_binary '\0',_binary '',5,42),(59,'2023-02-16 02:17:18.833809','레몬냠냠',_binary '',_binary '',5,42),(60,'2023-02-16 02:17:34.780870','크랜베리 냠냠',_binary '',_binary '',5,43),(61,'2023-02-16 02:17:43.882586','아프지마요..',_binary '',_binary '',5,44),(62,'2023-02-16 02:17:51.494821','꼭 음성이시길!!!',_binary '',_binary '',5,45),(63,'2023-02-16 02:20:11.649563','오예 음성!! 감사합니다~',_binary '\0',_binary '',5,45),(64,'2023-02-16 02:20:24.352148','냠냠 완전 맛있는데요??',_binary '\0',_binary '',5,43),(65,'2023-02-16 02:33:29.384698','이번 크리스마스 기대됩니다',_binary '\0',_binary '',5,49),(66,'2023-02-16 02:33:51.590649','설레는 클수마스~~ 기대되네요ㅎㅎ',_binary '\0',_binary '',5,48),(67,'2023-02-16 02:33:58.120100','모자 졸귀탱!!',_binary '\0',_binary '',5,46),(68,'2023-02-16 02:34:19.263413','이번 크리스마스 잘 보내세요~',_binary '',_binary '',5,49),(69,'2023-02-16 02:42:50.312246','껌 맛있어용',_binary '\0',_binary '',5,52),(70,'2023-02-16 02:43:01.190022','이렇게 추운 날은 역시 핫초코죠!!',_binary '\0',_binary '',5,51),(71,'2023-02-16 02:43:14.461656','따뜻한 겨울 보내세요~',_binary '',_binary '',5,51),(72,'2023-02-16 02:43:19.567490','심심할 떄 드세요!',_binary '',_binary '',5,52),(73,'2023-02-16 02:43:49.927254','매운 거 잘 드시나요..?ㅎㅎ',_binary '',_binary '',5,50),(74,'2023-02-16 02:44:07.427051','매운 불닭 도전합니다!!!!',_binary '\0',_binary '',5,50),(75,'2023-02-16 02:55:26.626261','껴안고 자면 꿀잠 보장!',_binary '',_binary '',5,56),(76,'2023-02-16 02:55:47.037510','뚱이랑 스펀지밥은 친구입니당ㅎㅎ',_binary '',_binary '',5,54),(77,'2023-02-16 02:55:58.198004','삐약삐약 잘 사용해 주세요!',_binary '',_binary '',5,55),(78,'2023-02-16 02:56:15.582932','긍정의 스펀지밥 예쁘게 봐주세요~',_binary '',_binary '',5,53),(79,'2023-02-16 02:56:28.210179','와 스펀지밥 졸귀입니다!',_binary '\0',_binary '',5,53),(80,'2023-02-16 02:56:41.496376','뚱이랑 스펀지밥이랑 함께 있으니 뭔가 뿌듯하군요ㅎㅎ',_binary '\0',_binary '',5,54),(81,'2023-02-16 02:56:52.355125','병아리 기엽기엽',_binary '\0',_binary '',5,55),(82,'2023-02-16 02:57:23.540615','굉장히 푹신푹신 합니다!!',_binary '\0',_binary '',5,56),(83,'2023-02-16 03:08:29.107028','뒤집개가 이렇게 귀여울 수가 있군요!!',_binary '\0',_binary '',5,59),(84,'2023-02-16 03:08:37.024877','받침대 잘 사용하겠습니다~',_binary '\0',_binary '',5,58),(85,'2023-02-16 03:08:43.812195','휴지 나이수',_binary '\0',_binary '',5,60),(86,'2023-02-16 03:09:11.287650','이쁘게 써주세용',_binary '',_binary '',5,59),(87,'2023-02-16 03:09:39.230286','유용하게 사용하실 수 있습니다!',_binary '',_binary '',5,58),(88,'2023-02-16 03:10:21.960015','급하실 때 이용해 주세요ㅎㅎ',_binary '',_binary '',5,60),(89,'2023-02-16 13:22:00.299000','야호',_binary '\0',_binary '',5,2);
/*!40000 ALTER TABLE `review` ENABLE KEYS */;
UNLOCK TABLES;

--
-- Table structure for table `user`
--

DROP TABLE IF EXISTS `user`;
/*!40101 SET @saved_cs_client     = @@character_set_client */;
/*!50503 SET character_set_client = utf8mb4 */;
CREATE TABLE `user` (
  `id` bigint(20) NOT NULL AUTO_INCREMENT,
  `created_at` datetime(6) DEFAULT NULL,
  `bank_address` varchar(255) DEFAULT NULL,
  `bank_name` varchar(255) DEFAULT NULL,
  `email` varchar(255) DEFAULT NULL,
  `is_delete` bit(1) NOT NULL,
  `name` varchar(255) DEFAULT NULL,
  `nickname` varchar(255) DEFAULT NULL,
  `password` varchar(255) DEFAULT NULL,
  `phone_number` varchar(255) DEFAULT NULL,
  `refresh_token` varchar(255) DEFAULT NULL,
  PRIMARY KEY (`id`),
  UNIQUE KEY `UK_ob8kqyqqgmefl0aco34akdtpe` (`email`),
  UNIQUE KEY `UK_n4swgcf30j6bmtb4l4cjryuym` (`nickname`)
) ENGINE=InnoDB AUTO_INCREMENT=24 DEFAULT CHARSET=utf8mb4;
/*!40101 SET character_set_client = @saved_cs_client */;

--
-- Dumping data for table `user`
--

LOCK TABLES `user` WRITE;
/*!40000 ALTER TABLE `user` DISABLE KEYS */;
INSERT INTO `user` VALUES (1,'2023-02-12 21:58:43.135180',NULL,NULL,'ssafy1@edu.com',_binary '\0','김싸피','봄날','$2a$10$uxZy32yRpFc1ennoMRGaGu3Kx0d9XRTCKM9tEqivg37kSX2fNF1.u','01011111111','eyJ0eXAiOiJKV1QiLCJhbGciOiJIUzUxMiJ9.eyJzdWIiOiJzc2FmeTFAZWR1LmNvbSIsImlzcyI6IkVnZ3BsYW50R2FyYWdlLmNvbSIsImV4cCI6MTY3NzgyMjg5MCwiaWF0IjoxNjc2NTI2ODkwfQ.HtdaY6POOA1b-3u7WnxuaD1bDtAau8uyJfwVtemnlbUetCr472VUPsX_w5fKxF0v1G3dgdvVfL0CosVaoAzGMQ'),(2,'2023-02-12 21:59:07.112556',NULL,NULL,'ssafy2@edu.com',_binary '\0','나싸피','하늘','$2a$10$8/DoTX49NTZFmlqR3MyYK.xlRA8g8wQSVatWYm.Zz7Uv7Ab/K0hFK','01022222222','eyJ0eXAiOiJKV1QiLCJhbGciOiJIUzUxMiJ9.eyJzdWIiOiJzc2FmeTJAZWR1LmNvbSIsImlzcyI6IkVnZ3BsYW50R2FyYWdlLmNvbSIsImV4cCI6MTY3Nzc4MzE3OSwiaWF0IjoxNjc2NDg3MTc5fQ.gdDHWMNbHhnczEAz67dRooyG8SdX2sX0lg0q05VtudA3gl0SBR3-H9BCdnAqc1TeOQBFZzUO6mIDdEFDKZ9V1Q'),(3,'2023-02-12 21:59:28.681232',NULL,NULL,'ssafy3@edu.com',_binary '\0','도싸피','허니벌꿀','$2a$10$FmgAVGZLdSTOzm7A/CdT8eKbN5hNjIJIFtWXJPmupbPLCI1hABScG','01033333333','eyJ0eXAiOiJKV1QiLCJhbGciOiJIUzUxMiJ9.eyJzdWIiOiJzc2FmeTNAZWR1LmNvbSIsImlzcyI6IkVnZ3BsYW50R2FyYWdlLmNvbSIsImV4cCI6MTY3NzgyMjQ5NSwiaWF0IjoxNjc2NTI2NDk1fQ.aWXysSoa2BLAZgbIl3zoOIhxStk7dr6cxojxKHHv7pVjnBNiLTpgm0MWJN3EhG-8HDqixhVYc3mLRqyTOqsaog'),(4,'2023-02-12 22:00:12.984138',NULL,NULL,'ssafy4@edu.com',_binary '\0','문싸피','떡볶이조아','$2a$10$ktHSCxmLJk.UzczojkTqauae7w.hwBO/j3anR2l7HQ4EHpW52rhvC','01044444444','eyJ0eXAiOiJKV1QiLCJhbGciOiJIUzUxMiJ9.eyJzdWIiOiJzc2FmeTRAZWR1LmNvbSIsImlzcyI6IkVnZ3BsYW50R2FyYWdlLmNvbSIsImV4cCI6MTY3NzgyMjUyMSwiaWF0IjoxNjc2NTI2NTIxfQ.eCEhc-Yv50HffTsKhkwXsMrmefxEL_XmeWbPskT3KAl5rlbnpFkFPbhKy7ZcWMnf3fbcB6xGIrRFcUONxrk1aQ'),(5,'2023-02-12 22:00:53.201285',NULL,NULL,'ssafy5@edu.com',_binary '\0','배싸피','네모의꿈','$2a$10$Y0jjYG7eCZuHHLBQ7/yTEutKOQDBWdvr/W4aHoFZiDlTICDVvieie','01055555555','eyJ0eXAiOiJKV1QiLCJhbGciOiJIUzUxMiJ9.eyJzdWIiOiJzc2FmeTVAZWR1LmNvbSIsImlzcyI6IkVnZ3BsYW50R2FyYWdlLmNvbSIsImV4cCI6MTY3NzgxOTEzMywiaWF0IjoxNjc2NTIzMTMzfQ.gbxLb5VFFuABq3_GJSwRDEObOuIKQnrnpVfs8cvRVVDeT1SiVrhTkKMaBbAgnCJtb98SMTMaRHjieWShwtu1GA'),(6,'2023-02-12 22:01:23.409903',NULL,NULL,'ssafy6@edu.com',_binary '\0','서싸피','코코','$2a$10$y98MBgDhfwn1wWHrXKXLWuSmKHF3SGw9UkKvAYHEOHDiz06YDbI..','01066666666','eyJ0eXAiOiJKV1QiLCJhbGciOiJIUzUxMiJ9.eyJzdWIiOiJzc2FmeTZAZWR1LmNvbSIsImlzcyI6IkVnZ3BsYW50R2FyYWdlLmNvbSIsImV4cCI6MTY3Nzc4NDgxMywiaWF0IjoxNjc2NDg4ODEzfQ.eGkTbpEVfWECw84w5hBuOps_-NdBf3UrAtrZkLOVUJr_ylRfNpy3w4cGNWSW97yuVJPoQQeIxX-8RSKQH_hCvw'),(7,'2023-02-12 22:02:02.283787',NULL,NULL,'ssafy7@edu.com',_binary '\0','유싸피','미래의경찰','$2a$10$YIGhRrNgxwZ3wB8anyV4XeH6ORnF.qBBO4XBylsSy3qs781W94M8i','01077777777','eyJ0eXAiOiJKV1QiLCJhbGciOiJIUzUxMiJ9.eyJzdWIiOiJzc2FmeTdAZWR1LmNvbSIsImlzcyI6IkVnZ3BsYW50R2FyYWdlLmNvbSIsImV4cCI6MTY3NzgyMjYwOCwiaWF0IjoxNjc2NTI2NjA4fQ.9tWMiwJUD1fYl0DOEr8ESz8NN51bsxkyC8ZWPX26PwK3rMj2rRfXoil2_u-0QTOC8XrsIQmE-FpTb7LXsIbZwQ'),(8,'2023-02-12 22:02:26.486922',NULL,NULL,'ssafy8@edu.com',_binary '\0','장싸피','아뇨뚱인데요','$2a$10$J4g1rRJQUd3VrDCVLk0gw.uvDAo8CPeNRQa7my9hE2x.qMMwinYma','01088888888','eyJ0eXAiOiJKV1QiLCJhbGciOiJIUzUxMiJ9.eyJzdWIiOiJzc2FmeThAZWR1LmNvbSIsImlzcyI6IkVnZ3BsYW50R2FyYWdlLmNvbSIsImV4cCI6MTY3NzgxNDgzNiwiaWF0IjoxNjc2NTE4ODM2fQ.xicmptB12p1DGIshp1LlwgC_2F0LLEdELKl0JVfSg9n0tM69tFJGzFqAjTXmXec9hPbTPJpvmra-fgIZS602MQ'),(9,'2023-02-12 22:02:52.540587',NULL,NULL,'ssafy9@edu.com',_binary '\0','천싸피','핑핑이','$2a$10$k4S2w6aibeME7PyHMNonp.tw6iN4g8m1yJjlRCE./HKh5T2j9MmvC','01099999999','eyJ0eXAiOiJKV1QiLCJhbGciOiJIUzUxMiJ9.eyJzdWIiOiJzc2FmeTlAZWR1LmNvbSIsImlzcyI6IkVnZ3BsYW50R2FyYWdlLmNvbSIsImV4cCI6MTY3NzgxNTA5NywiaWF0IjoxNjc2NTE5MDk3fQ.FcqRK4PWebuNq6lLnwtkRoJPE-I1-iwf0qWLlZTm3mdbX74LJW_hkSDAGhFwXLPaZ4U8NpC4K4kDdi6T3Y7Y6w'),(10,'2023-02-16 00:39:41.646722',NULL,NULL,'ssafy10@edu.com',_binary '\0','추싸피','배고픈아이','$2a$10$ZH.r11cOqFpeDoPEFQU0KefpYewSftlLUrnDq3fqWwYr19cSNKRHO','01010101010','eyJ0eXAiOiJKV1QiLCJhbGciOiJIUzUxMiJ9.eyJzdWIiOiJzc2FmeTEwQGVkdS5jb20iLCJpc3MiOiJFZ2dwbGFudEdhcmFnZS5jb20iLCJleHAiOjE2Nzc4MjI2MzQsImlhdCI6MTY3NjUyNjYzNH0.DLAAlzgn5pzuJ5-xbJeSvXTr3CO4d9bWpRZvircMpOouZLZLrwLo39H25LW-QktAY-BaEdxXTyG5cSZRk0HDNA'),(11,'2023-02-16 00:42:52.021650',NULL,NULL,'ssafy11@edu.com',_binary '\0','한싸피','붉은사과','$2a$10$b7H.ytKrQCFm8KgvryLzEuL/ibuwpd6PmwGEUHxQdqPWHxhCw2SFC','01111111111','eyJ0eXAiOiJKV1QiLCJhbGciOiJIUzUxMiJ9.eyJzdWIiOiJzc2FmeTExQGVkdS5jb20iLCJpc3MiOiJFZ2dwbGFudEdhcmFnZS5jb20iLCJleHAiOjE2Nzc4MjI2NjMsImlhdCI6MTY3NjUyNjY2M30.eCR9tzloSw7SAT6VZkyyI0zCpNcz3pOcE9sJyiG6bOSrnpr4VaYPavk910Og5JN_UKhKQmzxZQMbK_G86nf5pg'),(12,'2023-02-16 00:45:19.743054',NULL,NULL,'ssafy12@edu.com',_binary '\0','허싸피','눈사람놀이','$2a$10$Ty.gudp2jTdCCfzbKWeUlehHeafaHh5WS086QqS7AB3VdDtUtZEme','01012121212','eyJ0eXAiOiJKV1QiLCJhbGciOiJIUzUxMiJ9.eyJzdWIiOiJzc2FmeTEyQGVkdS5jb20iLCJpc3MiOiJFZ2dwbGFudEdhcmFnZS5jb20iLCJleHAiOjE2Nzc4MTk4NTksImlhdCI6MTY3NjUyMzg1OX0.4xD7V2MhYnzeAUcSFGbaSUqNiGLrLFLYJxiDSqOBnTejq4B27fmmS-3GOT4bnSxTKM18OWDAbSL4c6l4wE7hzQ'),(13,'2023-02-16 00:47:42.423404',NULL,NULL,'ssafy13@edu.com',_binary '\0','호싸피','세계서열0위','$2a$10$xh5acw5ebtBYIA3sv1f/He3O/.NHXYTCo8/uqjbL/MaUXFYJ1bDyK','01013131313','eyJ0eXAiOiJKV1QiLCJhbGciOiJIUzUxMiJ9.eyJzdWIiOiJzc2FmeTEzQGVkdS5jb20iLCJpc3MiOiJFZ2dwbGFudEdhcmFnZS5jb20iLCJleHAiOjE2Nzc4MjAzMzQsImlhdCI6MTY3NjUyNDMzNH0.NCnCuvWG5-qhl4SpmFxsrkWvc54GwSHf_q9MB75fa1Hkjg8a2_dvxZKGbBFmXKZY_rhv4unFnxXoNIRak5gvaA'),(14,'2023-02-16 00:49:24.148690',NULL,NULL,'ssafy14@edu.com',_binary '\0','훈싸피','인천불주먹','$2a$10$Eg7NU.zOTiPqfh7rCrIF/u6Z3tq6vAEg.PaRNSt7VVzh6HA/ac0W2','01014141414','eyJ0eXAiOiJKV1QiLCJhbGciOiJIUzUxMiJ9.eyJzdWIiOiJzc2FmeTE0QGVkdS5jb20iLCJpc3MiOiJFZ2dwbGFudEdhcmFnZS5jb20iLCJleHAiOjE2Nzc4MjE2NjYsImlhdCI6MTY3NjUyNTY2Nn0.6OcBYNnxeIH-4_oDcvj_W2_KNZbHxx7ukL9nSBMv5pGzIN6ZYZTsABo7kPs3NY62m-4jrTFlePVDHfhgIp7K6A'),(15,'2023-02-16 10:53:12.711000',NULL,NULL,'gondo@edu.com',_binary '\0','곤도','곤도상','$2a$10$MLlPtIistyjzlmXr3fSx4OYqd/Co0ysZyAvjP2F3he8PkSkXBBaVm','','eyJ0eXAiOiJKV1QiLCJhbGciOiJIUzUxMiJ9.eyJzdWIiOiJnb25kb0BlZHUuY29tIiwiaXNzIjoiRWdncGxhbnRHYXJhZ2UuY29tIiwiZXhwIjoxNjc3ODA4NDAzLCJpYXQiOjE2NzY1MTI0MDN9.pIWkyK7Ei3Y7fIHrShDAvo0XnuPLxFapIxxpiMCExbWI_9PO2xh1whyvif5F8dOp9aJ2t9hAirH-HyEUgDXpxw'),(16,'2023-02-16 11:00:54.161000',NULL,NULL,'gofls@edu.com',_binary '\0','','해린?','$2a$10$90KPu3qZNJR3DyqZDiCvku.6D380sd1X08tWrrD7A/fBZFKfx4nku','','eyJ0eXAiOiJKV1QiLCJhbGciOiJIUzUxMiJ9.eyJzdWIiOiJnb2Zsc0BlZHUuY29tIiwiaXNzIjoiRWdncGxhbnRHYXJhZ2UuY29tIiwiZXhwIjoxNjc3ODE1NzkzLCJpYXQiOjE2NzY1MTk3OTN9.P79NLUiGfw-FjNSGl6IU2UNLJOnXY7k28JHgw9rnhP5HrEaAiROjSjlniE0hIDbhutIc7biLY8UEq6ZAaACD6w'),(17,'2023-02-16 11:02:05.741000',NULL,NULL,'alswl@edu.com',_binary '\0','','민지?','$2a$10$zRr70DUoUd/O/LNlGuUXvOPcFGQYW1/FBqwiGQgoycS/ZaFgVhWUa','','eyJ0eXAiOiJKV1QiLCJhbGciOiJIUzUxMiJ9.eyJzdWIiOiJhbHN3bEBlZHUuY29tIiwiaXNzIjoiRWdncGxhbnRHYXJhZ2UuY29tIiwiZXhwIjoxNjc3ODExODA3LCJpYXQiOjE2NzY1MTU4MDd9.BlwwFv1lUlAWQgtqNzG_y5jmFoNg9hhpdtyZgSRsZMCNvXcjpRZco-cEq3zNns2cHUuKxT3O0l2lh05WqsI6qw'),(18,'2023-02-16 11:02:45.123000',NULL,NULL,'eksldpf@edu.com',_binary '\0','','다니엘?','$2a$10$Xuwy7D8WLay7FNdmzh2rVueYF7Yoj2.opkPiqZF2OcTHqsB.u3X7i','','eyJ0eXAiOiJKV1QiLCJhbGciOiJIUzUxMiJ9.eyJzdWIiOiJla3NsZHBmQGVkdS5jb20iLCJpc3MiOiJFZ2dwbGFudEdhcmFnZS5jb20iLCJleHAiOjE2Nzc4MTE1NzAsImlhdCI6MTY3NjUxNTU3MH0.7AuOqxbTLK_YCYxFwX63MvNZ9WRf3GwzkAQyE62xyCXNigzclGoNwGdie6RJ57VMv88RVXmcwBFQ4IPH6FlJ5g'),(19,'2023-02-16 11:04:00.159000',NULL,NULL,'gpdls@edu.com',_binary '\0','','혜인?','$2a$10$3c6dQPe7NVnpw6ioQKnRKO9efE2RPbeoakfrx3zltnxwNzneggTG.','','eyJ0eXAiOiJKV1QiLCJhbGciOiJIUzUxMiJ9.eyJzdWIiOiJncGRsc0BlZHUuY29tIiwiaXNzIjoiRWdncGxhbnRHYXJhZ2UuY29tIiwiZXhwIjoxNjc3ODA5MjI5LCJpYXQiOjE2NzY1MTMyMjl9.5YKnBAnPr3wO_wKHpPEP6d94muhNasu3XzHbcpmw7kBqsE3BuAgvm-Nf-qos4icvm8kUFcLs2B41aAqfPwRYzw'),(20,'2023-02-16 11:05:04.075000',NULL,NULL,'gksl@edu.com',_binary '\0','','하니?','$2a$10$VXGFVNKU1OSRAu7q1jL5w.YfJA5hHhuXEdfz3b9JvmmVM/VES8OEq','','eyJ0eXAiOiJKV1QiLCJhbGciOiJIUzUxMiJ9.eyJzdWIiOiJna3NsQGVkdS5jb20iLCJpc3MiOiJFZ2dwbGFudEdhcmFnZS5jb20iLCJleHAiOjE2Nzc4MTQ1MDgsImlhdCI6MTY3NjUxODUwOH0.MUn97vg9Xc8zlWliF1_NpDFk5hI608jcJ1ECFH2FE4TsbXnX3vM_gCSwBdRcA8d7OygSfCWcE7Y_W5CdMV1IQQ'),(21,'2023-02-16 14:43:15.909000',NULL,NULL,'ssafy15@edu.com',_binary '\0','인싸피','얼죽아입니다만','$2a$10$UDWuFbO5rUoEB6kBDyJu1ulibnuh19gGIdBz9nfaCj5SoFGB.bG1.','01015151515','eyJ0eXAiOiJKV1QiLCJhbGciOiJIUzUxMiJ9.eyJzdWIiOiJzc2FmeTE1QGVkdS5jb20iLCJpc3MiOiJFZ2dwbGFudEdhcmFnZS5jb20iLCJleHAiOjE2Nzc4MjIzMDUsImlhdCI6MTY3NjUyNjMwNX0.iGs50nngnvtnBm0DkThuzzmFcGoDW33CRS3oQsie7w6D6sIBDCn1rXokC0nlS43DBF__oXzBH002731pNyBJYQ'),(22,'2023-02-16 14:44:02.950000',NULL,NULL,'ssafy16@edu.com',_binary '\0','금싸피','하울','$2a$10$EUIxaeBN7RPyYY/wnX31cOqh2N2ILNKEkEYZROKSjN9bBt7MU9.DO','01016161616','eyJ0eXAiOiJKV1QiLCJhbGciOiJIUzUxMiJ9.eyJzdWIiOiJzc2FmeTE2QGVkdS5jb20iLCJpc3MiOiJFZ2dwbGFudEdhcmFnZS5jb20iLCJleHAiOjE2Nzc4MjI3NTcsImlhdCI6MTY3NjUyNjc1N30.r9OxMZ26nSeDo77Gf5u-MaCkuGJY0FD4VeX0WRQxaAtDeluRk6CSSMCpYxJNCEgHyJS_OWWVNenXdFCmT6vPeA'),(23,'2023-02-16 14:44:51.504000',NULL,NULL,'ssafy17@edu.com',_binary '\0','어싸피','여왕개미','$2a$10$SJcZlpgSe/QoK0KlhpA.K.mrkjUN4j.S/KnBYmkP0s8wRuaEQHePW','01017171717','eyJ0eXAiOiJKV1QiLCJhbGciOiJIUzUxMiJ9.eyJzdWIiOiJzc2FmeTE3QGVkdS5jb20iLCJpc3MiOiJFZ2dwbGFudEdhcmFnZS5jb20iLCJleHAiOjE2Nzc4MjI5NTcsImlhdCI6MTY3NjUyNjk1N30.RL-fYI7gYgASttaU3kyezUzxUDIepud7MLtePSlJKZrfvKeKD3xn3Z24xi-Z-rOTN90bTZFL4Z4Ax6Rk6KfwgQ');
/*!40000 ALTER TABLE `user` ENABLE KEYS */;
UNLOCK TABLES;

--
-- Table structure for table `user_live`
--

DROP TABLE IF EXISTS `user_live`;
/*!40101 SET @saved_cs_client     = @@character_set_client */;
/*!50503 SET character_set_client = utf8mb4 */;
CREATE TABLE `user_live` (
  `id` bigint(20) NOT NULL AUTO_INCREMENT,
  `entry_time` datetime(6) DEFAULT NULL,
  `live_id` bigint(20) DEFAULT NULL,
  `user_id` bigint(20) DEFAULT NULL,
  PRIMARY KEY (`id`),
  KEY `FK7njjcqyphwvev0er94mowh5ft` (`live_id`),
  KEY `FKkce09secjt9lfnvn0appox3bd` (`user_id`),
  CONSTRAINT `FK7njjcqyphwvev0er94mowh5ft` FOREIGN KEY (`live_id`) REFERENCES `live` (`id`),
  CONSTRAINT `FKkce09secjt9lfnvn0appox3bd` FOREIGN KEY (`user_id`) REFERENCES `user` (`id`)
) ENGINE=InnoDB AUTO_INCREMENT=133 DEFAULT CHARSET=utf8mb4;
/*!40101 SET character_set_client = @saved_cs_client */;

--
-- Dumping data for table `user_live`
--

LOCK TABLES `user_live` WRITE;
/*!40000 ALTER TABLE `user_live` DISABLE KEYS */;
INSERT INTO `user_live` VALUES (47,'2023-02-16 03:27:42.834246',13,3),(49,'2023-02-16 03:28:57.735533',13,2),(50,'2023-02-16 03:31:02.320842',13,7),(51,'2023-02-16 03:31:16.245095',13,4),(52,'2023-02-16 03:31:23.207457',13,5),(53,'2023-02-16 03:31:28.142952',13,6),(54,'2023-02-16 03:31:34.994457',13,8),(55,'2023-02-16 03:31:40.178848',13,9),(56,'2023-02-16 03:31:43.914756',13,10),(57,'2023-02-16 03:31:47.566550',13,11),(58,'2023-02-16 03:31:51.413576',13,12),(59,'2023-02-16 03:31:56.231552',13,13),(60,'2023-02-16 03:32:00.265200',13,14),(64,'2023-02-16 03:57:21.841510',16,4),(65,'2023-02-16 03:58:07.408697',16,5),(66,'2023-02-16 03:59:48.676082',16,6),(67,'2023-02-16 04:00:01.130155',16,7),(68,'2023-02-16 04:00:12.051341',16,8),(69,'2023-02-16 04:00:24.763838',16,9),(70,'2023-02-16 04:00:36.870144',16,10),(72,'2023-02-16 04:17:20.137941',18,5),(73,'2023-02-16 04:17:39.234858',18,10),(74,'2023-02-16 04:17:44.183822',18,6),(75,'2023-02-16 04:17:50.017828',18,7),(76,'2023-02-16 04:17:54.084652',18,8),(77,'2023-02-16 04:18:02.062559',18,9),(78,'2023-02-16 04:23:56.285961',19,6),(79,'2023-02-16 04:24:23.084202',19,10),(80,'2023-02-16 04:24:36.839883',19,5),(81,'2023-02-16 04:24:47.131257',19,7),(82,'2023-02-16 04:24:57.268291',19,8),(83,'2023-02-16 04:25:14.314301',19,9),(85,'2023-02-16 10:59:45.047000',19,1),(86,'2023-02-16 11:11:51.138000',20,19),(87,'2023-02-16 11:16:35.225000',21,20),(88,'2023-02-16 11:19:59.039000',21,1),(89,'2023-02-16 11:20:07.044000',16,1),(92,'2023-02-16 11:49:22.277000',23,18),(95,'2023-02-16 11:55:27.513000',24,17),(96,'2023-02-16 12:17:06.920000',20,16),(97,'2023-02-16 12:17:09.716000',21,16),(98,'2023-02-16 12:17:15.705000',24,16),(99,'2023-02-16 12:17:18.615000',23,16),(100,'2023-02-16 12:21:19.084000',23,1),(101,'2023-02-16 12:26:19.567000',24,1),(102,'2023-02-16 12:35:09.280000',20,20),(103,'2023-02-16 12:35:15.694000',18,20),(104,'2023-02-16 12:35:30.657000',24,20),(105,'2023-02-16 12:35:36.271000',23,20),(106,'2023-02-16 12:38:53.753000',25,7),(107,'2023-02-16 12:44:06.453000',26,8),(108,'2023-02-16 12:56:23.427000',27,9),(109,'2023-02-16 12:56:41.515000',27,16),(110,'2023-02-16 12:56:45.366000',25,16),(111,'2023-02-16 12:56:50.502000',26,16),(112,'2023-02-16 13:49:02.034000',28,10),(113,'2023-02-16 13:51:55.032000',26,3),(114,'2023-02-16 13:51:58.096000',21,3),(115,'2023-02-16 13:52:14.209000',26,5),(116,'2023-02-16 14:00:58.589000',29,11),(117,'2023-02-16 14:08:42.824000',30,12),(118,'2023-02-16 14:17:27.647000',31,13),(119,'2023-02-16 14:21:54.150000',30,13),(121,'2023-02-16 14:29:32.172000',23,14),(122,'2023-02-16 14:35:50.836000',31,1),(123,'2023-02-16 14:36:11.961000',13,1),(124,'2023-02-16 14:37:45.206000',33,14),(125,'2023-02-16 14:47:24.297000',34,21),(126,'2023-02-16 14:48:23.167000',34,3),(127,'2023-02-16 14:49:06.798000',34,4),(128,'2023-02-16 14:49:46.595000',34,7),(129,'2023-02-16 14:50:46.505000',34,10),(130,'2023-02-16 14:51:14.017000',34,11),(131,'2023-02-16 14:54:16.403000',35,22),(132,'2023-02-16 14:57:20.376000',36,23);
/*!40000 ALTER TABLE `user_live` ENABLE KEYS */;
UNLOCK TABLES;
/*!40103 SET TIME_ZONE=@OLD_TIME_ZONE */;

/*!40101 SET SQL_MODE=@OLD_SQL_MODE */;
/*!40014 SET FOREIGN_KEY_CHECKS=@OLD_FOREIGN_KEY_CHECKS */;
/*!40014 SET UNIQUE_CHECKS=@OLD_UNIQUE_CHECKS */;
/*!40101 SET CHARACTER_SET_CLIENT=@OLD_CHARACTER_SET_CLIENT */;
/*!40101 SET CHARACTER_SET_RESULTS=@OLD_CHARACTER_SET_RESULTS */;
/*!40101 SET COLLATION_CONNECTION=@OLD_COLLATION_CONNECTION */;
/*!40111 SET SQL_NOTES=@OLD_SQL_NOTES */;

-- Dump completed on 2023-02-16 14:59:17
